id,patient_id,note_type,author_role,written_at,body
1,P015,Infectious Diseases consult note,Infectious Diseases attending,2026-01-31 06:50:00+00,"*** SYNTHETIC RECORD — FAKE PATIENT — NOT FOR CLINICAL USE ***
ID consult - ESBL UTI.
84F (55.4 kg), CKD 5D on HD TTS at East unit (dialyzed today), admitted 1/27 c/o fever, dysuria, suprapubic pain. Urine cx 1/30: E. coli (ESBL) - CTX R, FEP R, TZP I, cipro R; ertapenem S, meropenem S. Blood cx 1/25 no growth.

Day 4 of ceftriaxone 1 g q24h w/o improvement - Tmax 38.4, suprapubic tenderness persists, CRP 80 and climbing since admission. WBC 7.6. Hemodynamically stable: MAPs 70s-80s off any pressors, no vasopressor requirement at any point this stay, lactate 1.0, no signs of shock. Source: indwelling foley (presumed nidus) exchanged 1/29; bedside US s/p exchange shows no abscess, no obstruction - source considered controlled.

Allergies: EHR lists vancomycin (red man, moderate) only. Daughter at bedside reports pt had anaphylaxis to penicillin yrs ago (throat swelling, hospitalized) - never entered in chart; pharmacy paged to add. Avoid PCN class given this hx.

(copied fwd from 1/28): 'T 37.6 HR 78 BP 122/70, afebrile this AM. Plan: cont CTX, await cx.' NB: vitals/plan above are stale - fevers recurred and cx is now back w/ ESBL R to CTX; the CTX course has failed.

Plan:
- Meropenem 1 g IV q24h, give post-HD on dialysis days; restricted-abx exception form submitted.
- Ertapenem S but not stocked at unit pharmacy.
- F/u CRP in 48h; cont HD TTS, K 4.5 today.
- Hgb 11.6 stable, cont EPO per unit protocol. Pt denies rash, pruritus, diarrhea."
2,P035,Progress Note,Internal Medicine Resident,2026-01-27 14:01:00+00,"*** SYNTHETIC RECORD — FAKE PATIENT — NOT FOR CLINICAL USE ***
1/27 progress: 42M w/ CKD 3a admitted 1/26 w/ fever to 38.7 at home + dysuria x3d. Now T 38.2, HR 101, BP 124/72 (MAP 89), RR 18, SpO2 97% RA. Warm, well perfused, no vasopressors, no signs of shock. Lactate 0.9. WBC 13.6, CRP 60, Cr 2.0 (near baseline per prior labs), K 3.9, Hgb 8.5 stable. UA +LE; urine cx from 1/26 growing E. faecalis, amp S / vanc S per micro. Blood cx x2 drawn, pending. Pt voiding fine, eating, denies CP/cough. c/o poor sleep d/t roommate snoring. A/P: febrile UTI vs early pyelo — start empiric vanc + ceftriaxone this AM, tailor once cx finalize. IVF 75/hr. NKDA. Recheck BMP in AM; nephro consulted for abx dosing w/ CKD. f/u blood cx."
3,P035,Nephrology Consult Note,Nephrology Fellow,2026-01-29 11:01:00+00,"*** SYNTHETIC RECORD — FAKE PATIENT — NOT FOR CLINICAL USE ***
Nephro consult 1/29 — asked re: abx dosing in CKD. 42M, 98.9 kg, CKD 3a (baseline Cr ~1.7-1.8, eGFR ~48), Cr now 2.0 and stable, UOP adequate, no indication for HD at this time. On vanc 1g IV q24h (started 1/28) + ceftriaxone for febrile UTI; urine cx E. faecalis, amp/vanc S. Remains hemodynamically stable: BP 128/76, MAP 93, off pressors since arrival, lactate 0.9 on last check. No edema, lungs CTA, JVP not elevated. Pt ambulating w/ PT, watching the game, in good spirits. Recs: cont vanc 1000 mg IV q24h, draw trough pre-4th dose (1/31 AM); given stable renal fcn current regimen reasonable, adjust per level. Recheck Cr q48h, avoid NSAIDs/contrast, continue gentle IVF. NKDA. Recs discussed w/ primary team; will f/u trough result."
4,P035,Progress Note,Hospitalist Attending,2026-02-01 08:01:00+00,"*** SYNTHETIC RECORD — FAKE PATIENT — NOT FOR CLINICAL USE ***
2/1 progress: (copied fwd from 1/27) Vitals: T 38.2, HR 101, BP 124/72 MAP 89, RR 18, SpO2 97% RA. Plan: blood cx x2, empiric abx pending cx, IVF 75/hr. — end copied block. Update 2/1 (supersedes copied vitals/plan above): T 37.9 this AM after 38.3 spike overnight, HR 88, BP 132/80 (MAP 97) on RA. Remains off pressors, no hypoperfusion, no signs of shock; lactate not repeated given stability. Vanc trough 1/31 = 13.0 on 1g q24h; Cr 2.0, eGFR 48, K 3.9, Hgb 8.5 stable, no transfusion. Blood cx still pending. Urine cx E. faecalis amp S — de-escalation discussed at rounds, but pt still spiking and team prefers to hold current coverage until blood cx final. Restricted-abx exception form submitted today to continue vanc. Pt ate breakfast, asks re: discharge — likely a few more days. NKDA."
5,P036,Progress Note,Hospital Medicine Attending,2026-01-29 15:11:00+00,"*** SYNTHETIC RECORD — FAKE PATIENT — NOT FOR CLINICAL USE ***
Hospital day 3, fever of unclear source. 80F, 55.3 kg, hx CKD 3a, HTN. T max 38.6 overnight, currently 38.1. BP 130/76 (MAP 94), HR 86, RR 18, SpO2 96% RA. Hemodynamically stable — no vasopressor support at any point this admission, lactate 1.7, no signs of shock. Lungs CTA bilat, no rash, no line erythema, chronic mild bipedal edema. Pt c/o fatigue, poor appetite; denies chest pain, denies SOB, denies dysuria (again denies CP/SOB on repeat questioning). WBC 9.9, CRP markedly elevated. No cultures sent yet this admission — will order blood and urine cx today. Severe PCN allergy (angioedema) per pt and daughter — avoiding beta-lactams; empiric vanc continued for MRSA coverage. Also latex allergy, mild contact dermatitis — latex-free cart flagged. Chart review back to 2019: no documented MRSA, VRE, ESBL, or CRE colonization or infection; never on MDRO precautions. Renal diet ordered; daughter brings snacks — counseled on low-K choices (pt loves bananas, asked to limit). Son handles transport, car unreliable — missed two clinic appts in Dec. Family meeting w/ daughter tomorrow re: disposition. Cont plan, f/u labs."
6,P036,Progress Note,Nephrology Resident,2026-02-02 12:11:00+00,"*** SYNTHETIC RECORD — FAKE PATIENT — NOT FOR CLINICAL USE ***
Nephrology f/u. 80F w/ CKD 3a, admitted w/ fever, on empiric vanc 1000 mg IV q8h x4 days (severe PCN allergy — angioedema; latex contact dermatitis also on list). Exception form filed today to continue vanc; no culture data available to date, team still to send blood/urine cx. Vanc trough 18.7 (goal 15-20) — at 55.3 kg and eGFR 50 will ask pharmacy to dose, likely space to q12h, recheck level. Vitals: T 37.9, BP 126/72 (MAP 90), HR 82. Remains off all pressors, no hypotension at any point this admission, lactate 1.7 — no signs of shock. Cr 1.68 at baseline, K 5.8 — cont low-K diet, lisinopril held since admission, will add potassium binder if persistent. Hgb 9.6 stable, no transfusion. WBC 9.9, CRP 224. PO4 4.8 — sevelamer 800 mg PO w/ meals continued. PTH 118, stable, recheck in 3 mo outpatient. Not on dialysis, no HD access. Pt feels better, denies chills, denies CP/SOB, appetite improving. Daughter at bedside, plan reviewed. Transport still an issue — son's car in shop, SW consulted for ride voucher to f/u at Synthetic Dialysis Unit East. Monitor renal fn and vanc levels."
7,P034,ICU Progress Note,Intensivist,2026-02-04 15:59:00+00,"*** SYNTHETIC RECORD — FAKE PATIENT — NOT FOR CLINICAL USE ***
75F w/ ESRD on CAPD (4 exch/day at home), HTN, T2DM — admit 2/4 c/o 2d fever, rigors, confusion per daughter. T 38.9, HR 118, BP 84/46 (MAP ~58) after 30 mL/kg LR in ED; norepi started, now 0.12 mcg/kg/min, MAPs 66-70 overnight. Lactate 4.9. WBC 16.7, CRP 216. Blood cx 2/1 (from PD clinic): no growth. Empiric vanc 2g x1 + pip-tazo given; ID to f/u. PD exchanges held while on pressors. O2 3L NC, sat 95%. Exam: lethargic but arouses; PD catheter exit site clean, no erythema or drainage; abdomen soft, nonperitoneal. Chronic R forearm AVF w/ faint thrill, never cannulated. Allergies: latex (mild contact dermatitis) — latex-free supplies. Plan: cont norepi titrate MAP >=65, judicious fluids given ESRD, recheck lactate q6h, NPO for now, renal diet when advanced. DVT ppx: SCDs only. Daughter at bedside; family meeting re: goals of care planned today — remains full code. PT/OT consulted."
8,P034,Nephrology Progress Note,Nephrology Fellow,2026-02-07 12:59:00+00,"*** SYNTHETIC RECORD — FAKE PATIENT — NOT FOR CLINICAL USE ***
75F, CKD 5D on PD (CAPD 4 exch/day via Synthetic Home Dialysis Program), ICU day 4 for septic shock. Still on norepi 0.08 mcg/kg/min this AM to keep MAP >=65 — overnight BPs 88-96/50s on pressors, not yet weaned. Lactate 4.9 on last gas; WBC 16.7, CRP 216. Urine cx 2/6: E. coli — S to ceftriaxone, pip-tazo, meropenem; ID narrowing the non-vanc agent. Blood cx 2/1 no growth. Vanc trough 14.8 — renally cleared; exception request in for vanc 2g IV q5d w/ level-guided redosing. Relevant hx: MRSA exit-site infection of PD catheter in 2024, s/p vanc course, resolved; +MRSA nares swab same yr — supports cont empiric gram-positive coverage this admission. Cr 9.94, eGFR 7, K 4.6, Hgb 9.4 (at baseline, on EPO at clinic). PD held during pressors; resume 2 short exchanges when weaned, no net UF while hypotensive. Last iPTH in 780s — cont cinacalcet 30 mg daily; sevelamer 800 TID held while NPO, restart w/ diet. RD: renal diet, 2g Na, fluid <1.5L once eating. SW f/u — daughter reports transport to home dialysis clinic difficult since husband fell ill. Family meeting w/ ICU team this pm. Latex allergy (contact dermatitis) — latex-free gloves for exchanges."
9,P045,Nephrology admission note,Nephrology fellow,2026-02-04 06:36:00+00,"*** SYNTHETIC RECORD — FAKE PATIENT — NOT FOR CLINICAL USE ***
40M, CKD 5D on HD (TTS), sent in from dialysis unit Tue w/ fever 38.9, rigors, malaise x2d. Denies cough, dysuria, abd pain, CP, SOB. No recent travel, no sick contacts. Allergy: ampicillin (anaphylaxis) — flagged in chart, avoid PCN class. Vitals on arrival: T 38.7, HR 104, BP 102/61, RR 20, SpO2 97% RA. Labs: WBC 18.9, Cr 13.12, eGFR 5, K 3.8, Hgb 8.9, lactate 1.9. No cultures sent; treating empirically. Started cefepime 1 g IV q24h, renally dosed, give after HD sessions. Cautious w/ IVF given ESRD — euvolemic on exam, no bolus for now. Pt c/o chills x1 in ED, resolved. HD to resume Thu per TTS schedule. Wife at bedside, agrees w/ plan. Plan: empiric abx, trend WBC/lactate AM, strict I/O, f/u in AM."
10,P045,ICU progress note,Critical care attending,2026-02-08 03:36:00+00,"*** SYNTHETIC RECORD — FAKE PATIENT — NOT FOR CLINICAL USE ***
40M CKD5D (HD TTS), admitted 2/4 w/ fever, transferred to ICU overnight for hypotension. (copied fwd from 2/6) VS: T 37.4, HR 96, BP 118/72, RR 18, SpO2 98% RA, off vasopressors. A/P: cont cefepime, monitor on floor, HD per schedule. — NB: above copied VS/plan are stale, superseded by events below; pt decompensated overnight. 0230: persistent hypotension, BP 82/46 despite ~30 cc/kg LR. Norepi started, now 0.14 mcg/kg/min, MAP 66 — pressor required to hold MAP >=65 despite fluids. Day 4 of cefepime w/ no improvement: WBC 18.9 -> 22.4, still febrile 39.2, lactate up to 4.0. Remains on cefepime pending pharmacy review for broader gram-negative coverage — restricted-form drug, paperwork in progress. K 3.9, Hgb 8.7 stable, no transfusion. Cr 13.1, eGFR 5, HD done Sat, next session Tue per TTS — coordinate timing w/ nephro. A&Ox3 when off propofol breaks. Family updated by phone. No cultures on file to date."
11,P045,Nephrology progress note,Nephrology attending,2026-02-10 00:36:00+00,"*** SYNTHETIC RECORD — FAKE PATIENT — NOT FOR CLINICAL USE ***
40M, CKD 5D on HD (TTS — due today), ICU day 2+. Still septic: on norepi 0.14-0.18 overnight to keep MAP >=65 despite fluids, currently MAP 63-68 on 0.16. Now >120h (5 d) of cefepime w/ clear clinical worsening — WBC 23.7, CRP 62, lactate 4.2, persistent fevers to 39.4. K 3.9, Hgb 8.7, Cr 13.12, eGFR 5. Ampicillin anaphylaxis re-confirmed w/ wife, allergy band on. Given failure of first-line agent w/ ongoing pressor-dependent sepsis, submitted restricted-antimicrobial exception for meropenem 500 mg IV q24h, HD-adjusted — will dose after today's session. No cultures sent to date, remains empiric. Strict I/O, f/u lactate q4h, f/u WBC AM. Will reassess pressor wean once on appropriate coverage. Pt's wife updated, understands plan."
12,P042,ID consult note,Infectious Diseases attending,2026-02-12 07:20:00+00,"*** SYNTHETIC RECORD — FAKE PATIENT — NOT FOR CLINICAL USE ***
ID consult f/u — 81M, ESRD on HD TTS (Synthetic Kidney Clinic North), seen at HD unit for VRE in urine. Urine cx 2/11: Enterococcus faecium, vanc-resistant (VRE) — vanc R, amp R, linezolid S, dapto S. Pt c/o 2d suprapubic discomfort and frequency; denies flank pain, denies N/V. T max 38.1 at unit, HR 88, BP stable on run, lactate 0.9 — no signs of shock, not septic. WBC 14.5, CRP 160. Assessment: VRE UTI (cystitis vs early pyelo). Source is urinary, NOT pulmonary — no cough, no sputum, denies dyspnea; CXR 2/12 w/o infiltrate or consolidation, lungs CTA bilat. Pneumonia not on the ddx at this time. Ampicillin anaphylaxis hx on file, moot anyway (amp R). Plan: daptomycin 600 mg IV after each HD (~6 mg/kg, wt 100.1 kg); restricted-abx exception form sent to pharmacy. Linezolid S but deferring — anticipated 10-14 d course, baseline Hgb 9.2, prefer to avoid marrow suppression. Baseline CK 98; weekly CK, counsel on myalgias. Repeat urine cx in 48-72h. Pt's ride arrived late, session shortened ~30 min — asked unit clerk to help coordinate; does not change abx plan. Will f/u."
13,P042,Hemodialysis progress note,Nephrology fellow,2026-02-14 04:20:00+00,"*** SYNTHETIC RECORD — FAKE PATIENT — NOT FOR CLINICAL USE ***
HD note (Sat run) — 81M, CKD 5D, HD TTS via L forearm AVF; bruit +, thrill +, no erythema or drainage, needle sites clean. Run: 3.5 h, UF 2.1 L, QB 400, pre BP 142/74, post 128/66, tolerated w/o cramping or cramps c/o. Pre-labs: K 4.4, Hgb 9.2; PTH 418 from 2/6 draw — cont cinacalcet 30 mg daily, recheck PTH/Phos w/ monthly labs. Sevelamer 800 mg PO w/ meals — pt admits skipping midday doses; binder teaching reinforced, daughter will prep weekly pillbox. Renal diet and 1 L/d fluid restriction reviewed again; IDWG ~2 kg. Infectious f/u: VRE UTI per ID — urinary source; afebrile today, chest clear, CXR 2/12 negative, no pulmonary process, no cough. Dapto 600 mg IV post-HD per ID; exception approval pending, pharmacy aware, dose to hang after future sessions once cleared. Baseline CK 98 — ask about muscle pain each run. Latex-free supplies per allergy record. Transport van 45 min late for pickup again; pt frustrated, SW notified. Family meeting w/ daughter re: overall goals tentatively next Thu post-HD. Continue ESA per protocol. F/u ID recs."
14,P033,Infectious Diseases progress note,ID attending,2026-02-18 09:10:00+00,"*** SYNTHETIC RECORD — FAKE PATIENT — NOT FOR CLINICAL USE ***
ID f/u. 73F, 66.8 kg, ESRD (CKD 5D) on HD TTS at Synthetic Dialysis Unit East, admitted w/ pneumonia. NKDA.

(copied fwd from 2/14) Vitals: T 37.1, HR 88, BP 132/74, RR 16, SpO2 94% RA. A/P: CAP — empiric vanc, pharmacy to dose, redose post-HD; f/u sputum cx; f/u Monday.

Above vitals/plan are stale and superseded as of today. Now: T 38.6, HR 102, BP 118/62, RR 22, SpO2 91% on 2L NC. Pt c/o productive cough, worse since admission. CXR: RLL consolidation, more confluent than prior film. Sputum cx 2/17: Enterococcus faecium (VRE) — vanc R, amp R, linezolid S, dapto S. Blood cx 2/10 no growth; not bacteremic. Despite therapeutic vanc troughs (~18-20) x 4 days, pt clinically worsening: persistent fevers, rising O2 requirement, CRP up to 164 from 110 earlier this wk. WBC 9.4, lactate 1.3. Not septic, no signs of shock. Cr 11.05, eGFR 8, K 5.7 — dialyzing today per schedule. CK 181 baseline; will trend weekly on dapto.

A/P: VRE pneumonia, failing vancomycin.
1) D/c vanc today.
2) Request daptomycin 750 mg IV post-HD — restricted abx exception form submitted.
3) Repeat CXR in 48h, f/u cx.
4) Continue HD TTS; renally dose all meds."
15,P020,ED/Hospitalist Admission Note,Internal Medicine,2026-02-18 07:21:00+00,"*** SYNTHETIC RECORD — FAKE PATIENT — NOT FOR CLINICAL USE ***
34M 62.8kg w/ CKD5 (baseline Cr ~7.2, eGFR 11, not yet on HD; f/u Synthetic Dialysis Unit East) p/w fever 39.1 + rigors x2d. Triage VS: T 39.1, HR 112, BP 96/61 (MAP 73), RR 20, SpO2 97% RA. Blood cx drawn at triage, gram+ cocci in clusters, called back as S. aureus (MRSA) on 2/18. Urine cx from clinic 2/13 grew E. coli (pan-S: ctx, pip-tazo, mero) — already on ceftriaxone course. NKDA (nothing recorded in allergy table). Hx review: no prior MRSA, VRE, ESBL or CRE colonization or infxn anywhere in chart; this is his first MRSA isolate. Remote hx: L ankle ORIF 2022, healed, fully weight bearing, no hardware complaints. Labs: WBC 22.4, CRP 169, lactate 1.7, K 4.6, Hgb 11.6. Started vanc 1000mg IV x1 then q48h per renal dosing + cont ctx. 1L LR given w/ good response; off pressors, MAPs holding on fluids alone. Nephrology consulted re: CKD5, HD not initiated. Plan: rpt blood cx q48h, TTE, ID consult, vanc trough before 4th dose."
16,P020,Infectious Diseases Progress Note,Infectious Diseases,2026-02-21 04:21:00+00,"*** SYNTHETIC RECORD — FAKE PATIENT — NOT FOR CLINICAL USE ***
ID f/u, MRSA bacteremia d3 of vanc. T 37.8, HR 98. BP this AM 84/56 (MAP 62) — borderline soft, 500mL LR given. Pt mentating well, warm periph, UOP maintained, lactate 1.7. Remains OFF vasopressors; has not required pressor support at any point this admission — hypotension borderline only, managed w/ fluids + q1h vitals, ICU aware. Vanc trough 2/20: 14.1. Susceptibilities: vanc reported intermediate, dapto S, linezolid S, TMP-SMX S. Given the intermediate vanc MIC we discussed dapto switch w/ primary team, but pt clinically improving, WBC trending down from 22.4, repeat cx pending. Requesting to continue vanc 1000mg q48h (Cr 7.2, eGFR 11, no HD) pending cx clearance; will transition to dapto if cx persist or trough climbs. TTE copy-fwd: 'no vegetation, EF 60%'. Denies chills this AM. NKDA. f/u: rpt cx, trough w/ next dose, K 4.6 stable, Hgb 11.6."
17,P012,Hospitalist admission note,Hospitalist physician,2026-02-22 09:00:00+00,"*** SYNTHETIC RECORD — FAKE PATIENT — NOT FOR CLINICAL USE ***
79M, 49.6 kg, hx CKD stage 4 (baseline Cr ~3.5-3.9, eGFR ~26), followed at Synthetic Dialysis Unit East pre-ESRD clinic, not on HD. p/w dysuria x4d, home fever 38.6, L flank pain. NKDA - EHR allergy table empty, per pt no known drug allergies ever. Vitals on arrival: T 38.4, HR 92, BP 132/78 (MAP 96), RR 18, SpO2 96% RA. 1.5L LR in ED; remained normotensive throughout, MAP >65 off pressors, lactate 1.3. WBC 10.1, CRP 228, K 5.4, Hgb 10.6. UA w/ pyuria; urine cx 2/22 growing E. coli (ceftriaxone S, pip-tazo S, meropenem S). Blood cx 2/21 x2 sets no growth to date. A/P: urosepsis WITHOUT shock - hemodynamically stable, no vasopressor requirement, no signs of hypoperfusion, no ICU need at this time. Start ceftriaxone 1 g q24h renally dosed. Chart review incl scanned outside records: no hx MRSA, VRE, ESBL, or CRE colonization/infection; prior urine cx 2025 pan-S E. coli only. Full code. Renal diet. Daughter at bedside, lives w/ son. f/u temp curve, repeat cx if fever persists."
18,P012,Nephrology progress note,Nephrology fellow,2026-02-23 06:00:00+00,"*** SYNTHETIC RECORD — FAKE PATIENT — NOT FOR CLINICAL USE ***
F/u CKD-4, consult for AKI on CKD in setting of urosepsis. 79M 49.6 kg admitted 2/22 on ceftriaxone for E. coli UTI (pan-S). Cr 3.88 (baseline ~3.6-3.9), eGFR 26, K 5.4 - rechecking K this AM, no K supplements, on telemetry. Not on HD; follows at Synthetic Dialysis Unit East. Overnight: BP 118-134/68-80, MAP ~85-90, off pressors, no hypotension, not in shock. Still febrile Tmax 38.2 despite 48h ceftriaxone - ID discussing addition of vanc for empiric gram-positive coverage; if started, agree w/ 1000 mg IV q48h given wt 49.6 kg + eGFR 26, trough before 3rd dose, redose per level, avoid other nephrotoxins/contrast. NKDA. Med rec + chart sweep negative for prior MRSA/VRE/ESBL/CRE. [template - bed 14, NOT THIS PT, delete before filing]: SNF d/c planning continues, linezolid for LLE cellulitis, PT/OT eval Mon, daughter touring facility Wed. Pt tolerating renal diet, amb w/ walker 1 lap, BM today, declined flu shot. Full code. f/u Cr, K, vanc trough if ordered."
19,P041,Nephrology / HD Treatment Note,Nephrology fellow,2026-02-25 18:37:00+00,"*** SYNTHETIC RECORD — FAKE PATIENT — NOT FOR CLINICAL USE ***
HD unit, Synthetic Kidney Clinic North — 78M ESKD on HD MWF via L IJ tunneled cath, wt 84.4 kg. Arrived for scheduled session c/o chills/rigors since last night, denies cough, dysuria, CP, diarrhea. Access site clean, no erythema, tenderness, or drainage. Tmax 38.7 pre-HD, now 38.4, HR 102, RR 18, SpO2 96% RA. Pre-HD BP 102/64; intradialytic hypotension mid-run, SBP down to 84, MAP ~62 — UF reduced, 500 mL NS bolused, session cut ~45 min short. Awake/alert, perfusing well, no pressors needed, not in shock; lactate 1.6. Post-HD BP still soft 88/55, will trend. Pt ate lunch, wants the room warmer, asking about parking validation (per routine).
Labs: WBC 23.7 (up from ~14 two wks ago), CRP 249, K 4.1, Cr 12.93, Hgb 10.0. Blood cx drawn 2/24 — no growth to date, bottles still incubating.
Hx notable: +MRSA nares swab 2024 documented at prior admission; no known VRE/ESBL/CRE. Allergies: PCN (angioedema, severe), SMX-TMP (rash, moderate).
[copy-forward fragment — bed 9, NOT this pt, disregard]: POD2 s/p R knee arthroplasty, ambulating x2 w/ PT, pain controlled on po oxycodone, d/c planning underway.
Plan: empiric vanc 1000 mg IV post-HD today via restricted-abx exception pending cx; continue temp curve, strict BP monitoring next session; f/u cx. — fellow, paged attending"
20,P017,Nephrology Consult Note,Nephrology Fellow,2026-02-21 06:07:00+00,"*** SYNTHETIC RECORD — FAKE PATIENT — NOT FOR CLINICAL USE ***
Consulted for PD pt w/ fever + cloudy effluent.
Pt 58F, 92.6 kg, CKD 5D on APD nightly (Synthetic Home Dialysis Program) p/w low-grade fever, periumbilical discomfort, cloudy PD return since last night. Denies N/V, denies diarrhea, denies exit-site drainage. Last APD cycle this AM, effluent cloudy.
Vitals: T 38.4, HR 96, BP 132/78 (MAP 83), RR 18, SpO2 98% RA. HD stable — MAPs 80s-90s without any vasopressor support, no signs of shock. Abd soft, mild periumbilical tenderness, no peritoneal signs; exit site clean. Edema 1+ BLE.
Labs: Cr 11.33, eGFR 9, K 4.0, WBC 11.4, CRP 252, Hgb 10.5, lactate 1.3. CT A/P: no abscess or drainable collection; expected intraperitoneal PD fluid.
Allg: ampicillin (anaphylaxis), vancomycin (mild flushing).
Also reviewed while here: sevelamer 800 mg TID — pt admits missing lunch dose (pill box issue); last Phos 6.8, PTH 512, on calcitriol. Renal diet reviewed, K restriction reinforced. Son usually drives; transport voucher expired.
Recs: admit, blood + effluent studies, surgery eval re: catheter, hold APD pending plan. Will f/u."
21,P017,Operative/Procedure Note,Surgery Resident,2026-02-23 03:07:00+00,"*** SYNTHETIC RECORD — FAKE PATIENT — NOT FOR CLINICAL USE ***
PROCEDURE: Removal of PD catheter + placement of right IJ tunneled HD catheter.
Indication: PD catheter-associated infection — blood cx 2/22 growing ESBL E. coli; catheter removal for source control discussed w/ pt + daughter, consent obtained.
Findings: catheter removed intact w/ both cuffs; no tunnel purulence, no intra-abdominal collection. Exit site irrigated, packed open. Right IJ tunneled HD cath placed under US + fluoro, tip at cavoatrial junction, aspirated/flushed all ports. EBL ~25 mL.
Course: pt stable throughout, BP 124/72, no pressor support needed periop or postop.
Plan: HD via tunneled line, TTS schedule for now. L forearm AVF bruit palpable, still immature — vein mapping f/u later. Monitor exit site; bedside f/u tomorrow."
22,P017,Nephrology Progress Note,Nephrology Attending,2026-02-26 00:07:00+00,"*** SYNTHETIC RECORD — FAKE PATIENT — NOT FOR CLINICAL USE ***
Nephrology progress note (copy fwd).
S: pt c/o fatigue, mild nausea after yesterday's HD run. Denies fever, denies abd pain, denies chills, denies dyspnea.
O: T 37.1, HR 84, BP 136/80, MAP 87, RR 16. Remains normotensive — has not required vasopressors at any point this admission, no signs of shock; lactate 1.3. Tunneled Rt IJ HD cath site clean, no erythema/drainage. PD catheter removed 2/23 — source control achieved, prior CT w/o undrained collection. LUE AVF bruit+, immature.
Blood cx 2/22 final: E. coli, ESBL — ceftriaxone R, cefepime R, pip-tazo intermediate, ciprofloxacin R, ertapenem S, meropenem S.
Labs: Cr 11.33, eGFR 9, K 4.0, WBC 11.4, CRP 252, Hgb 10.5.
Housekeeping: sevelamer 800 TID — adherence counseling again (pill box refill delayed); PTH 512, cont calcitriol; renal dietitian revisited, K restriction reviewed.
Family meeting yesterday w/ daughter: discussed in-center HD x ~3 months vs PD re-implant once infection resolved; pt undecided, wants to loop in son (works nights, hard to reach). Transport voucher still expired — SW f/u; daughter can drive MWF. Code: full.
A/P:
1. ESBL E. coli bacteremia — restricted-antibiotic exception form submitted for meropenem 500 mg IV q12h (ESRD dosing); ID to f/u per susceptibilities.
2. ESRD s/p PD-to-HD conversion, HD TTS 0830 shift.
3. CKD-MBD — binder adherence, f/u PTH/Phos outpatient.
4. AVF immature — access f/u in 6 wk."
23,P021,Progress Note,Intensivist,2026-02-26 13:24:00+00,"*** SYNTHETIC RECORD — FAKE PATIENT — NOT FOR CLINICAL USE ***
ICU progress note 2/26 09:10

(copied fwd from nephrology clinic 2/20): '43M CKD4 f/u, BP 128/76, HR 72, wt 78.0, Cr 4.6, K 4.8. Euvolemic. Low-K diet reviewed, hold lisinopril, RTC 3 mo.' — STALE, superseded by ICU course below.

Admitted overnight w/ fever 39.1, rigors, hypotension. Got 30 mL/kg LR in ED, MAP stayed 55-60 → central line placed, norepi started. Now norepi 0.1, MAP 66-70. Still pressor-dependent despite fluids. Lactate 7.5. T 38.6, HR 108. WBC 15.8, CRP 162, Cr 4.96 (baseline ~4.6), eGFR 18, K 3.7, Hgb 11.0.

Blood cx 2/25: S. aureus, MSSA — oxacillin S, cefazolin S, vanc S.

CT A/P: 4.5 cm rim-enhancing collection R psoas. IR consulted, drainage tentatively 2/28. Source NOT yet controlled.

Abx: vanc + pip-tazo started ~18h ago in ED — only a few doses in, too early to judge response. Renal dosing.
NKDA. No rash, no wheeze. Foley in, urine cx pending. Wife at bedside.
Plan: titrate norepi MAP ≥65, cont current abx for now, f/u IR, nephrology seeing."
24,P021,Consult Note,ID attending,2026-02-27 10:24:00+00,"*** SYNTHETIC RECORD — FAKE PATIENT — NOT FOR CLINICAL USE ***
ID consult 2/27 08:40

HPI: 43M, CKD4 (not on HD), admitted 2/26 w/ septic shock. Blood cx 2/25 MSSA, 2/2 bottles — oxacillin S, cefazolin S, vanc S. Concern for concomitant gram-negative process given psoas collection + refractory shock.

Allergies: NKDA — pt denies any penicillin or beta-lactam allergy, pharmacy record concurs. No prior reaction hx.

Meds: vanc (trough pending) + pip-tazo — started 2/26, <48h of therapy, too soon to declare failure.

Exam: T 38.4, HR 104. Norepi 0.14 — MAP dipped to 63 this am, titrating to ≥65. Remains pressor-dependent despite volume. No meningismus, no new rash, lines clean.

Labs: WBC 15.8, CRP 162, lactate 7.5, Cr 4.96/eGFR 18, K 3.7.
Imaging: R psoas abscess 4.5 cm — IR drainage pending, still NOT drained. Source control outstanding.

A/P:
1. Septic shock, pressor-dependent — likely psoas source, drain pending.
2. MSSA bacteremia, susceptible to cefazolin/oxacillin.
3. Recommend meropenem 1 g IV q12h (renal dose) for broad gram-negative coverage while source uncontrolled and pt in shock; narrow to cefazolin once drained + improving.
4. Surveillance blood cx, f/u IR."
25,P013,Progress note,"Hospitalist, Hospital Medicine",2026-02-22 17:48:00+00,"*** SYNTHETIC RECORD — FAKE PATIENT — NOT FOR CLINICAL USE ***
54M w/ CKD4 (baseline Cr ~3.5-4, no HD) p/w L plantar foot ulcer w/ spreading cellulitis x3d, worsening erythema/pain. Denies cough, sputum, SOB, pleurisy; no fevers at home. Vitals: T 37.8, HR 96, BP 128/74, RR 16, SpO2 97% RA. Exam: L plantar ulcer ~2 cm w/ purulence, erythema to mid-foot, +tender, pedal pulses 2+. Lungs CTA bilat, no crackles/wheeze — process localized to foot wound; no pulmonary source identified. Labs: WBC 8.0, CRP 129, lactate 1.7, K 5.3, Hgb 10.5, Cr 4.49 (eGFR 21). Blood cx 2/18 no growth. Wound cx + MRSA nares swab sent, pending. NKDA per EHR allergy table. Started cefazolin renally dosed; ID consulted for broader gram-pos coverage. IVF conservative d/t CKD. Copy-forward: pt c/o poor sleep d/t hallway noise, appetite fair, requests eggs for breakfast. [carryover template — rm 14, NOT this pt, disregard]: linezolid 600 q12h; TID IOP checks; pacemaker interrogation Thurs."
26,P013,Nephrology consult note,Nephrology,2026-02-26 14:48:00+00,"*** SYNTHETIC RECORD — FAKE PATIENT — NOT FOR CLINICAL USE ***
F/u for renal dosing recs. 54M CKD4, not on dialysis, Cr 4.49/eGFR 21 (near baseline). ID recommends daptomycin 650 mg IV q48h for MRSA-risk LLE cellulitis s/p foot ulcer; agree q48h appropriate w/ eGFR <30. Baseline CK 240 — trend CK + Cr 2-3x/wk, counsel pt to report myalgias, hold for CK rise. K 5.3 — recheck AM, cont low-K diet. No pulm involvement per primary team; source remains foot wound. Blood cx 2/18 no growth. NKDA. Hgb 10.5 stable, no ESA change. Will f/u culture data; f/u w/ ID re: duration."
27,P005,Infectious Diseases consult note,ID attending,2026-02-26 18:40:00+00,"*** SYNTHETIC RECORD — FAKE PATIENT — NOT FOR CLINICAL USE ***
ID consulted re: MRSA bacteremia, presumed line source.
73M, ESRD on HD (TTS, Synthetic Dialysis Unit East), admitted w/ fever + erythema/tenderness at tunneled HD catheter exit site. Exit-site wound swab 2/25: MRSA (oxacillin R; vanc S, dapto S, linezolid S, TMP-SMX S). Allg: PCN (angioedema, severe), latex (contact dermatitis, mild).
On vanc since admission, troughs therapeutic (19.2 on 2/25) but clinically worsening: Tmax 38.9 overnight, WBC now 13.3, CRP 128, exit site more indurated/tender. Also new diffuse pruritic morbilliform rash day 4 of vanc — persisted despite slowing infusion to 2.5 h + diphenhydramine premed; not consistent w/ simple rate-related flushing. Vanc d/c'd. Overall picture = vanc failure + intolerance.
Lungs clear bilat, no cough/sputum, CXR 2/25 w/o infiltrate — source is the line, not a pulmonary process.
Vitals: T 38.4, HR 92, BP 128/74, off pressors, lactate 0.9.
Labs: Cr 12.2, eGFR 8, K 3.9, Hgb 11.6, CK 90 (baseline wnl — will trend weekly on dapto).
PMH otherwise notable only for L distal radius fx (2021) s/p splinting, fully healed, no sequelae.
Plan: start daptomycin 700 mg IV post-HD (HD TTS); line removal discussed w/ renal fellow; continue exit-site care; weekly CK.
pt tolerating renal diet, ambulating w/ walker in hall, d/c planning on hold pending bacteremia course."
28,P047,Hospitalist progress note,Hospitalist,2026-02-26 05:48:00+00,"*** SYNTHETIC RECORD — FAKE PATIENT — NOT FOR CLINICAL USE ***
2/26 — 50M, 96.9 kg, CKD 3a (baseline Cr ~1.6-1.7, follows Synthetic Dialysis Unit East), admitted 2/24 w/ fevers, rigors, dysuria. Blood cx 2/24 + S. aureus (MSSA) — on cefazolin 2g IV q8h, repeat blood cx pending. Prior urine cx 2/20 grew E. faecalis (amp S, vanc S) — held directed tx d/t amox allergy hx, repeat urine cx sent 2/26, pending. Vitals: T 37.4, HR 84, BP 131/76, RR 16, SpO2 98% RA. Hemodynamically stable — has not required vasopressors at any point this admission, MAPs 80s-90s w/o pressor support, lactate 0.8, no signs of shock. Voiding fine, no retention. PMH: HTN, CKD 3a; remote C. diff colitis (2021) treated w/ PO vanc, resolved, no recurrence since. Allg: amoxicillin (itching, mild), cephalexin (rash, mild). Labs: WBC 12.4, Cr 1.72 (eGFR 50), K 4.9, Hgb 8.9, CRP pending. CT A/P w/o contrast: 7 mm L proximal ureteral stone w/ moderate hydronephrosis; urology consulted, ureteral stent planned 3/2 — infected source not yet controlled. Cont cefazolin, IVF conservative given CKD, f/u urine cx."
29,P047,Infectious Diseases consult note,ID physician,2026-02-28 02:48:00+00,"*** SYNTHETIC RECORD — FAKE PATIENT — NOT FOR CLINICAL USE ***
ID consult 2/28 — 50M w/ MSSA bacteremia (2/24) on cefazolin 2g q8h + ESBL E. coli UTI. Urine cx 2/27: E. coli ESBL — ceftriaxone R, cefepime R, cipro R; pip-tazo S, ertapenem S, meropenem S. Started pip-tazo 3.375g IV q8h evening 2/27 (renal dose, eGFR 50). Now ~36h in: afebrile x 24h, WBC down-trending 14.2 -> 11.9, CRP 93 (down from 118), flank pain and dysuria improved — responding clinically to current regimen. Repeat blood cx pending. Obstructing 7 mm L ureteral stone w/ hydro remains — urology stent scheduled 3/2; source control still pending. Remains off pressors, MAP stable w/o support, lactate 0.8, not septic-appearing today. Prior E. faecalis urine cx 2/20 (amp S) — likely colonizer, no directed tx given mild amox allergy (itching); also cephalexin rash hx. Plan: continue TZP x48h then reassess; team placing restricted-abx exception request for meropenem given ESBL; de-escalate per cx once source controlled. D/c anc之后? Anc: renal dose all abx per eGFR 50, f/u repeat cx results."
30,P025,ID consult follow-up,Infectious Diseases attending,2026-03-03 09:41:00+00,"*** SYNTHETIC RECORD — FAKE PATIENT — NOT FOR CLINICAL USE ***
ID f/u — 65M, 101.9 kg, CKD 3a, admitted w/ MSSA bacteremia (blood cx 2/27; oxacillin S, cefazolin S, vanc S). On cefazolin since 2/28, now day 4. Allergy list re-reviewed w/ pt at bedside: vanc -> red man (moderate), codeine -> n/v. NO penicillin allergy and no beta-lactam allergy of any kind — has tolerated PCN and cephalosporins in the past, so cefazolin appropriate and no need to avoid the class.

Trending well: afebrile x48h, WBC 13.2 -> 11.4, CRP 121 -> 84. Repeat blood cx drawn 3/3: no growth to date. Hemodynamically stable throughout this entire admission — MAPs mid-70s on RA, lactate 1.4, has not required vasopressors at any point, no signs of shock. Denies chills, CP, SOB. Appetite improving, ambulating w/ PT.

Plan: cont cefazolin (renally dosed, eGFR ~53), f/u cx, duration TBD.

[leftover template — bed 14, NOT this pt]: on linezolid for VRE UTI, CBC Mon/Thu to watch plt."
31,P025,Nephrology progress note,Nephrology resident,2026-03-06 06:41:00+00,"*** SYNTHETIC RECORD — FAKE PATIENT — NOT FOR CLINICAL USE ***
Nephrology progress note — 65M w/ CKD 3a (baseline Cr ~1.6-1.7), here w/ MSSA bacteremia, now d7 of cefazolin w/ clear clinical improvement. Vitals: T 36.9, HR 82, BP 128/74 (MAP 92), RA. Not septic appearing, no pressors this stay, no shock. Labs AM: Cr 1.71 (eGFR 53, at baseline), K 4.7, Hgb 8.5 stable, WBC 10.9, CRP 68 downtrending, lactate 1.4. UOP adequate, no edema on exam, no indication for HD; pt remains non-dialysis.

c/o mild fatigue only; denies fevers, CP, SOB, n/v. (copy-forward: pt resting comfortably in bed, denies acute complaints, appetite fair.)

Allergies per chart: vanc (red man), codeine (nausea); no PCN/beta-lactam allergy.

Aware meropenem exception form submitted today citing broad-spectrum gram-negative coverage — deferred to ID/ASP on necessity; from renal side 1g q8h reasonable at current eGFR w/ Cr/K monitoring. Will continue to trend renal fn."
32,P030,Nephrology admission note,Nephrology attending,2026-03-02 14:20:00+00,"*** SYNTHETIC RECORD — FAKE PATIENT — NOT FOR CLINICAL USE ***
Nephrology admission — 03/02 (HD day, runs MWF at Synthetic Dialysis Unit East)
57F ESRD s/p HD x3 yr admitted from ED overnight w/ fever 38.6, L flank pain, dysuria x2d. Urine cx collected at unit 02/24 grew E. coli, speciated ESBL on 02/26: R to ceftriaxone, cefepime, cipro; I to pip-tazo; S to ertapenem and meropenem.
CT abd/pelvis: 6 mm obstructing proximal L ureteral stone w/ moderate hydronephrosis — urology consulted, stent planned tomorrow AM. Obstruction not yet relieved as of this note.
Vitals: T 38.1, HR 92, BP 132/78 (MAP ~96), RR 18, SpO2 97% RA. Normotensive off any vasoactive support, pressors never started; lactate 1.8. Uncomfortable but not toxic, no signs of shock.
Labs: Cr 12.7, eGFR 7, K 3.8, WBC 16.4, Hgb 10.3, CRP 112.
Allergies per EHR: PCN — anaphylaxis; vanc — flushing (mild).
Given PCN anaphylaxis, started empiric cefepime 1 g post-HD (renal dosing) — aware prior isolate reported FEP-R; ID consulted, anticipate carbapenem as definitive once susceptibilities reviewed. Dialyzed today 3.5h, UF 2.0 L, tolerated, no cramping. Pt asking about missed Tue bingo at the unit; wants grape juice w/ meals. Denies CP/SOB.
[template leftover — bed 12, NOT this pt, pls ignore]: cellulitis improving on linezolid, wound vac change Mon, podiatry f/u.
Plan: stent 03/03; abx per ID; cont HD MWF; AM labs."
33,P030,Urology procedure note,Urology resident,2026-03-03 11:20:00+00,"*** SYNTHETIC RECORD — FAKE PATIENT — NOT FOR CLINICAL USE ***
Urology procedure note — 03/03
Procedure: cystoscopy, L retrograde pyelogram, L ureteral stent placement (6F x 24 cm).
Indication: obstructing 6 mm proximal ureteral stone w/ infected hydronephrosis; ESBL E. coli on recent urine cx.
Findings: cloudy/purulent urine expressed from L orifice as stent passed; collecting system decompressed with prompt drainage. Stone left in situ — too inflamed to basket safely today; will schedule elective ureteroscopy ~2-3 wk once infection cleared.
EBL min. To PACU stable. Postop T 37.4, BP 126/70, on no pressors, voiding around stent as expected w/ foley out.
Obstruction now relieved — source controlled.
Plan: cont abx per ID; KUB in 2 wk; URS f/u booked; call if fever, worsening flank pain."
34,P030,Infectious Diseases consult note,ID attending,2026-03-05 08:20:00+00,"*** SYNTHETIC RECORD — FAKE PATIENT — NOT FOR CLINICAL USE ***
ID consult — 03/05
57F on HD MWF, admitted 03/02 w/ L obstructive pyelonephritis; urine cx 02/24 = E. coli (ESBL): ceftriaxone R, cefepime R, pip-tazo I, cipro R, ertapenem S, meropenem S. S/p L ureteral stent 03/03 — source control achieved, purulent urine drained at scope.
Course: she has genuinely improved on empiric cefepime (started 03/02) — afebrile >24h, WBC 16.4 -> 12.0, CRP 112 -> 67, flank pain much better, eating. So this is not treatment failure and she has not been on a failing first-line agent; the issue is the isolate is reported R to cefepime, so it is not an appropriate definitive drug despite her clinical response.
Hemodynamics: stable throughout, max lactate 1.8, MAPs 70s-90s off support, never required vasopressors at any point this admission; not septic shock. HD yesterday uneventful, UF 1.8 L. Hoping to make Fri session at her home unit; grandkid visiting Sun.
PCN anaphylaxis hx — pip-tazo a poor choice anyway (only I). Cipro R. Carbapenem indicated; ertapenem susceptible but non-formulary/not stocked here. Recommend meropenem 1 g IV q24h, give after dialysis on HD days. Cross-reactivity w/ PCN allergy negligible. Planned 7-10 d total from source control. Will f/u."
35,P006,Admission H&P,Internal Medicine Resident,2026-03-01 18:38:00+00,"*** SYNTHETIC RECORD — FAKE PATIENT — NOT FOR CLINICAL USE ***
43F w/ ESRD s/p CKD5D on PD (CAPD 4 exch/day via Synthetic Home Dialysis Program) p/w fever 38.9, rigors, cloudy PD effluent x 2d. All: PCN (angioedema, severe), vancomycin (DRESS). Denies chest pain, dyspnea, dysuria. Vitals: T 38.9, HR 108, BP 106/62 (MAP ~77), RR 20, SpO2 96% RA. Alert x3, no confusion. Abd soft, mild pericatheter tenderness w/ scant tunnel exudate, no rebound. Lungs CTA bilat. Warm, well-perfused, no vasopressor support req'd, no signs of shock at present. WBC 12.9, Cr 9.8 (baseline on PD). Blood cx x2 drawn, PD effluent sent for cell count/cx. Started empiric ceftriaxone IV after cx; vanc avoided d/t prior DRESS. Plan: cont CAPD, monitor temp curve, f/u cx. If tunnel infection confirmed catheter removal will be needed — discussed w/ pt, she is reluctant; will readdress once cx result back. Code status: full. Mechanical DVT ppx."
36,P006,Progress Note,Hospitalist,2026-03-05 15:38:00+00,"*** SYNTHETIC RECORD — FAKE PATIENT — NOT FOR CLINICAL USE ***
HD5. Still febrile, Tmax 38.6 overnight despite ceftriaxone x 4 d (>72h) — no clinical improvement; pt c/o ongoing chills, malaise. Denies SOB, CP. Vitals: HR 101, BP 114/72 (MAP 86), RR 18, SpO2 97% RA. Hemodynamically stable, off pressors, MAP well above 65 w/o support; lactate 1.4; not in shock. Labs: WBC 13.8 (up), CRP 208 (rising), Cr 10.14, eGFR 6, K 4.8, Hgb 11.3. Micro: blood cx 03/01 -> Klebsiella pneumoniae, CRE phenotype: ceftriaxone R, ertapenem R, meropenem R, ceftaz-avibactam S. Repeat blood cx 03/04 no growth to date. PD effluent cx still pending; tunnel site w/ unchanged small exudate. Source control NOT achieved — catheter removal again recommended; pt continues to decline, wants to 'think about it over the weekend.' ID at bedside; restricted-abx exception form submitted for meropenem 500 mg IV q24h per gram-negative resistant isolate pathway; definitive agent under ID review given panel. Cont CAPD 4 exch/day, renal diet. [copy-forward fragment — bed 16, NOT this pt]: '...cont linezolid 600 q12h for VRE faecium bacteremia, repeat cx q48h, dapto held...' — disregard, template error. f/u am cx, trend CRP."
37,P031,Nephrology Progress Note,Nephrology Attending,2026-03-11 06:17:00+00,"*** SYNTHETIC RECORD — FAKE PATIENT — NOT FOR CLINICAL USE ***
3/11 nephrology f/u — 60M, 90.7 kg, CKD4 (baseline Cr ~3.5), admitted 3/5 w/ dysuria + fevers, dx E. coli urosepsis. Urine cx 3/3: E. coli, S to ceftriaxone/pip-tazo/meropenem; blood cx 3/6 no growth. On vanc 750 mg IV q24h for empiric gram-pos coverage d/t severe PCN allergy (angioedema); also hx SMX-TMP rash. Trough 18.3, at goal 15-20 — cont same dose, recheck q48h.

(copied fwd from 3/2): VS T 38.4 HR 104 BP 118/66 MAP 83 RR 20 SpO2 96% RA. Pt c/o chills, dysuria. Plan: NS prn, renally dose abx, f/u cx.

3/11 update — above vitals/plan superseded: now T 36.9, HR 78, BP 134/78, MAP 97, comfortable on RA. IVF d/c'd. Pt hemodynamically stable for entire admission — no pressors at any point this episode, no shock, lactate 1.1. WBC 9.8, CRP 134 trending down. Denies chills or dysuria now. No prior hx MRSA/VRE/ESBL/CRE colonization or infection; no MDRO flags on prior encounters.

A/P: 1) Urosepsis improving, cont empiric coverage pending ID recs; 2) CKD4 — Cr 3.84 near baseline, eGFR 26, no HD indication; 3) K 5.2 — low-K diet, monitor; 4) Hgb 11.8, stable CKD anemia. F/u Synthetic Kidney Clinic North after d/c."
38,P003,Dialysis unit progress note,Nephrology NP,2026-03-14 16:44:00+00,"*** SYNTHETIC RECORD — FAKE PATIENT — NOT FOR CLINICAL USE ***
HD unit note, Sat run — pt 45M, 112.8 kg, CKD 5D on HD TTS, Synthetic Kidney Clinic North. F/u MRSA bacteremia: blood cx 3/10 grew S. aureus (MRSA) — oxacillin R; vanc S, dapto S, linezolid S, TMP-SMX S. Source = tunneled HD catheter (exit site erythema/crusting). Not a lung process: no cough, no sputum, CXR this wk w/o infiltrate, sat fine on RA.

On vanc, troughs therapeutic (17.8 pre-session 3/12). Today afebrile 36.7, HR 78, BP 128/76 pre-HD, no pressors, no signs of shock, lactate 1.4. Denies chills. No rash, no flushing/pruritus w/ doses, no vanc-attributed toxicity — tolerating it well; anuric for yrs so no renal signal to watch regardless. CRP 58, WBC 9.9. Repeat bcx drawn at start of run, pending.

(copied fwd from 3/3): 'Vitals T 37.4 HR 92 BP 146/88. Plan: vanc 1 g post-HD x1 then per trough, 3K bath, f/u blood cx.' — STALE, superseded as of today: cx since resulted (MRSA, above); vanc now 750 mg post-HD per trough; K 5.7 → 2K bath this run; plan: dapto exception form to be submitted (750 mg IV post-HD), arrange catheter removal w/ access team.

Heparin allergy (severe HIT) — heparin-free circuit, saline flushes only, no heparin locks. Hgb 9.9, CK 160 (baseline OK if dapto approved). UF 2.1 kg, no cramps. Pt c/o mild fatigue, otherwise tolerating run. F/u Mon."
39,P022,Nephrology Consult Note,Nephrology,2026-03-11 18:11:00+00,"*** SYNTHETIC RECORD — FAKE PATIENT — NOT FOR CLINICAL USE ***
Nephrology consulted for abx dosing in CKD 3a w/ bacteremia.

HPI: 60F, 104.2 kg, h/o CKD 3a (baseline Cr ~1.8), adm 3/9 w/ fevers, dysuria, rigors. Blood cx 3/9: MSSA (oxacillin S, cefazolin S, vanc S). Urine cx 3/7: E. faecalis (amp S); 3/10: E. coli (CRO S, pip-tazo S, meropenem S). Remote blood cx 3/5: no growth, predates this illness. On ceftriaxone 2 g IV q24h since 3/10 — PCN-class agents avoided d/t severe penicillin allergy (angioedema); also codeine (nausea, mild).

Vitals: T 38.4, HR 96, BP 118/72 (MAP 87), RR 18, SpO2 97% RA.
Labs: Cr 1.81 (at baseline), eGFR 49, K 4.4, WBC 8.2, Hgb 9.3, lactate 1.3.

A/P:
1. Sepsis, hemodynamically stable — MAPs >80 off any vasopressor support, no signs of shock, lactate nl. MSSA bacteremia + E. coli UTI on ceftriaxone; no renal dose adjustment needed at eGFR 49. F/u cx.
2. CKD 3a, at baseline — avoid nephrotoxins/NSAIDs, daily BMP.
3. Hgb 9.3, chronic-appearing anemia; monitor.

Recs: cont ceftriaxone 2 g q24h, trend Cr/K, call if Cr up >0.5 or K >5.5. Will f/u."
40,P022,Progress Note,Internal Medicine,2026-03-14 15:11:00+00,"*** SYNTHETIC RECORD — FAKE PATIENT — NOT FOR CLINICAL USE ***
Hospital day 6. Ceftriaxone day 5 (>72 h).

S: Pt c/o chills, rigors overnight; dysuria mildly improved. Denies CP, SOB.
O: Tmax 39.2 at 0340, T 38.6 now, HR 102, BP 112/68 (MAP 83), RR 20, 96% RA. WBC 8.2, CRP 208 (climbing since adm), Cr 1.81 stable, eGFR 49, K 4.4, Hgb 9.3, lactate 1.3.

(copied fwd from 3/12): 'Tmax 38.0, HR 88, 122/76. Tolerating abx. Plan: cont ceftriaxone; if afebrile >24 h, step down per cx; dispo early next wk.'
Above copied block is stale — superseded by overnight course: pt spiked 39.2 w/ rigors, not afebrile; step-down and dispo plans on hold.

A: 60F w/ MSSA bacteremia (3/9) and E. coli UTI (3/10); E. faecalis urine 3/7 c/f colonizer, not treated. Now >72 h of first-line ceftriaxone w/ persistent fevers, recurrent rigors, rising CRP — clinical non-response, failing first-line therapy despite susceptible organism. Remains hemodynamically stable: MAPs 75-85 w/o any pressor support, never required vasopressors this admission, not in shock, lactate nl. Blood cx redrawn 3/13, pending.

P: 1) Page ASP/ID — requesting meropenem 500 mg IV q12h (renally dosed for eGFR 49) for broad gram-negative coverage; severe PCN allergy (angioedema) limits alternatives. 2) Antipyretics, IVF per floor, strict I/Os. 3) Daily labs, trend CRP/Cr. 4) Nephrology following."
41,P008,Hospitalist Admission H&P,Hospitalist MD,2026-03-14 05:02:00+00,"*** SYNTHETIC RECORD — FAKE PATIENT — NOT FOR CLINICAL USE ***
52F ESRD (CKD 5D) on HD TTS (last run Thu 3/12) p/w fevers, dysuria x3d, L flank pain. VSS: T 38.4, HR 96, BP 132/78 (MAP 96), RR 18, SpO2 98% RA. No hypotension at triage or since arrival, no vasopressor support required at any point. Lactate 1.8. Labs: WBC 8.9, CRP 318, Cr 13.03, K 5.4. UA +LE/+nitrites; urine cx 3/14 -> E. coli. CT A/P: 7mm L UVJ stone w/ moderate hydronephrosis, no renal abscess. Allergy: ampicillin (anaphylaxis) — verified w/ pt. Started ceftriaxone 1g IV q24h (renally dosed) for complicated UTI. Urology consulted re: possible L stent. HD today 3/14 per schedule, 2K bath, UF 2L. Blood cx x2 pending. Plan: cont CRO, urology f/u re: decompression, nephrology to follow access/K. Copy-forward: home HD unit notified, prior med list carried over from Jan admission."
42,P008,Nephrology Progress Note,Nephrology Fellow,2026-03-16 02:02:00+00,"*** SYNTHETIC RECORD — FAKE PATIENT — NOT FOR CLINICAL USE ***
Tolerated HD 3/14 well, UF 1.8L. Overnight: afebrile since 3/15 AM, L flank pain improved, PO intake ok. No HD today (TTS schedule — next run Tue 3/17). Labs: CRP 244 (down from 318), WBC 8.9 nl, K 5.7 — asymptomatic, ECG unchanged, kayexalate given, recheck tonight. UTI: day 3 ceftriaxone, urine cx E. coli S to CRO/TZP/MEM. Urology saw pt 3/15, recommended L ureteral stent for hydronephrosis; pt undecided, wants to discuss w/ family — no decompression performed to date, stone remains in place. Access: L AVF good thrill. Fluid restriction 1L/d. Allergy list confirmed: ampicillin — anaphylaxis. [copy-forward artifact from bed 14 — NOT this pt, disregard]: cont linezolid for VRE foot ulcer, podiatry to round, MRI foot pending. Will reassess K and stent decision tomorrow."
43,P008,Infectious Diseases Consult Note,ID Attending,2026-03-16 23:02:00+00,"*** SYNTHETIC RECORD — FAKE PATIENT — NOT FOR CLINICAL USE ***
Consulted re: E. coli UTI in 52F ESRD on HD TTS. Urine cx 3/14: E. coli — S: ceftriaxone, pip-tazo, meropenem. Course: on ceftriaxone since 3/14, now afebrile >48h, CRP 318 -> 244, WBC 8.9, flank pain much improved — responding to current therapy, no clinical worsening or failure. Hemodynamically stable entire admission; never required vasopressors, MAPs >70 throughout off pressors, lactate 1.8. Not septic. Source control NOT achieved: 7mm L UVJ stone w/ hydronephrosis still in situ; urology stent deferred at pt's request — will re-engage urology today. A/P: complicated UTI, improving on ceftriaxone, obstruction not yet relieved. Recs: 1) continue ceftriaxone (narrowest active agent, renally dosed) — no clinical indication for carbapenem escalation at this time; 2) encourage stent placement, source remains uncontrolled; 3) no repeat urine cx needed if improving; 4) ampicillin anaphylaxis noted — does not preclude cephalosporins."
44,P024,Dialysis progress note,Nephrology,2026-03-20 08:50:00+00,"*** SYNTHETIC RECORD — FAKE PATIENT — NOT FOR CLINICAL USE ***
HD session note 3/20 (Fri) - Synthetic Dialysis Unit East
68F, ESRD (CKD 5D), HD MWF. Pre-wt 102.6 kg, EDW 100.8, IDWG 2.4 kg; UF 1.8 L achieved.
Run: completed full 3.5 hr, no cramps, no intradialytic hypotension - BP held 124-138/72-80 throughout, lowest MAP 84, no mid-run stoppage. Pt not on any vasoactive agents; no pressor support this admission. Tmax 38.6 overnight, feels warm but denies rigors now.
Access: L IJ permcath, exit site clean, no erythema/drainage.
Micro f/u: BCx 3/18 + Staph aureus, reported methicillin-susceptible (oxacillin S, cefazolin S, vanc S); BCx 3/16 no growth; Ucx 3/14 E. faecalis (amp S). Repeat BCx drawn today, pending.
Labs: K 3.8, Cr 12.28, eGFR 6, Hgb 9.6, WBC 10.8, CRP 253, lactate 1.2.
Allergies: PCN (angioedema, severe), vancomycin (flushing, mild).
Plan: cont HD MWF; abx plan per ID, vanc post-HD discussed given PCN allergy; fluid counseling done (pt c/o turkey sandwich, wants menu change).
[leftover template txt - bed 14, 54M, NOT this pt, disregard]: day 4 linezolid, plt 210, f/u TTE Mon."
45,P024,Infectious diseases progress note,ID physician,2026-03-21 05:50:00+00,"*** SYNTHETIC RECORD — FAKE PATIENT — NOT FOR CLINICAL USE ***
ID f/u 3/21
68F w/ ESRD on HD MWF, persistent fevers; BCx 3/18 growing MSSA.
O/n Tmax 38.9. Hemodynamically stable: HR 88, BP 131/76 (MAP ~94), RR 16. Sepsis w/o shock physiology - MAPs have remained >70 w/o any vasoactive support this admission, no fluid-refractory hypotension, lactate 1.2, mentation at baseline. Denies chills currently, denies flank pain, no cough, no dysuria.
Micro: BCx 3/18 S. aureus (MSSA): oxacillin S, cefazolin S, vanc S. BCx 3/16 no growth. Repeat BCx 3/20 pending. Ucx 3/14 E. faecalis (amp S, vanc S), asymptomatic, likely colonization.
MDRO review: chart review w/ no prior MRSA, VRE, ESBL, or CRE infection or colonization at any time before this illness; no positive nares screens on file. MRSA-active empiric agent requested purely b/c repeat cx still pending + severe PCN allergy.
Allergies: PCN - angioedema (severe); oxacillin/cefazolin held for now. Vanc - flushing only, mild, tolerable w/ slow infusion.
Plan: vanc 750 mg IV post-HD (wt 102.6 kg, eGFR 6), level per pharmacy; f/u repeat BCx; reassess for beta-lactam if allergy re-eval permits. Continue HD MWF; code status full."
46,P046,Progress note,Nephrology fellow,2026-03-18 18:11:00+00,"*** SYNTHETIC RECORD — FAKE PATIENT — NOT FOR CLINICAL USE ***
HD today on MWF schedule at Synthetic Dialysis Unit East; chair time held d/t late transport from stepdown. 29M, 80.1 kg, CKD 5D. NKDA in EHR allergy table. Access: L IJ tunneled catheter still in use while L forearm AVG matures; access nurse confirms bruit/thrill in fistula but not yet cannulating. Catheter exit site tender with small crust, no pus expressed. Working infection problem is gram-positive bloodstream infection from the HD line, not a lung source: no cough/sputum/pleurisy, lungs clear bilaterally, no O2 requirement, and we are not treating pneumonia. Blood cx 3/12 no growth; urine cx 3/17 E. coli, ceftriaxone/piptazo/meropenem susceptible, no flank pain. Started vancomycin post-HD with pharmacy dosing. Lactate 0.9, no signs of shock. K 4.1, Hgb 8.8. Renal diet reviewed: sevelamer with meals, low-phos choices; PTH pending, Ca/vit D per protocol. Family meeting tentatively Fri re access plan."
47,P046,ID consult note,Infectious diseases physician,2026-03-20 15:11:00+00,"*** SYNTHETIC RECORD — FAKE PATIENT — NOT FOR CLINICAL USE ***
ID asked to see for restricted-agent exception. Still on vancomycin since post-HD 3/18; pharmacist reports trough in goal/therapeutic. Despite that, pt had rigors near end of HD again, febrile yesterday, line site more tender, and inflammatory markers up: WBC 14.0, CRP 185, Cr 13.03/eGFR 8 on HD. Assessment: clinical worsening on vancomycin for catheter-related gram-positive bacteremia/line source; this is failure, not a red-man-type infusion reaction and not fixed by slowing the rate. Infection being treated is bloodstream/line, not pneumonia or another pulmonary source. Urine cx 3/20 grew E. faecalis, ampicillin and vancomycin susceptible, but no urinary sx; does not explain post-HD rigors. Recommend daptomycin 550 mg IV after each HD, about 6.9 mg/kg for 80.1 kg. Baseline CK 122; counsel re myalgias, f/u CK. Not septic; MAP ok, lactate 0.9. Transport again late; binder adherence reviewed; spouse updated after family meeting."
48,P014,ICU progress note,Critical Care Attending,2026-03-24 07:32:00+00,"*** SYNTHETIC RECORD — FAKE PATIENT — NOT FOR CLINICAL USE ***
Pt 60F, 81.8 kg, CKD 3b (eGFR 37, Cr 2.32 today vs baseline ~1.6), admitted w/ fevers, rigors, confusion. Blood cx 3/22 grew S. aureus, oxacillin-R — MRSA bacteremia; susceptible to vanc, dapto, linezolid, TMP-SMX. Earlier set 3/19 no growth. Chart review: no prior MDRO colonization or infxn documented — this is her first MRSA isolate; no hx VRE/ESBL/CRE. Remained hypotensive after ~30 mL/kg LR, so started on levophed; currently norepi 0.14 mcg/kg/min to keep MAP >65, last MAP 66, SBP 90s on pressors. T 38.4, HR 108, RR 22, SpO2 96% on 4L NC. Lactate 5.2, WBC 16.3, CRP 118. Hgb 8.4, guaiac neg x2, no obvious source of loss; K 4.0. On vanc renally dosed per pharmacy; trough 9.4 subtherapeutic for bacteremia, pharmacy to up-titrate toward 15-20. ID on board, TTE pending, repeat blood cx this AM. PCN allergy (hives/rash) on chart. Copy-forward: diet advance as tol, DVT ppx per protocol. Pt c/o poor sleep overnight, denies CP/SOB. [leftover template - bed 14, NOT this pt]: 72M s/p BKA POD2, on linezolid, PT/OT eval — please disregard. A/P: MRSA bacteremia w/ sepsis, pressor-dependent; cont vanc + pharmacy dose f/u; source workup ongoing."
49,P027,Critical Care Progress Note,Intensivist,2026-03-24 13:51:00+00,"*** SYNTHETIC RECORD — FAKE PATIENT — NOT FOR CLINICAL USE ***
ICU day 2. 48F w/ CKD 3b (baseline Cr ~2.1; Cr 2.47, eGFR 38 today). Admitted 03/23 w/ fevers, R flank pain, hypotension. Cx from kidney clinic last wk: blood 03/17 grew MSSA, urine 03/18 E. coli. Septic shock — still on norepi 0.12 mcg/kg/min to keep MAP >=65 despite 30 mL/kg LR; MAP drifts into 50s off pressors. Lactate 7.1, WBC 21.7, CRP 132. T 38.9, HR 118, RR 24, SpO2 96% on 4L NC.

Cefepime started 03/23 ~2200, renally dosed — under 48h on any first-line agent, too early to declare failure. Allergy reconciliation: pt reports PCN allergy as a teen — hives/rash, no anaphylaxis — NOT in EHR allergy table (lists only vanc flushing, mild, and heparin HIT). Pharm notified to add. No heparin products; saline line flushes only.

CT A/P (delayed a day d/t transport backlog): 2.6-cm R perinephric abscess. IR consulted, drainage planned tomorrow — source not yet controlled. Repeat blood cx pending.

Renal: sevelamer 800 mg PO w/ meals restarted, renal diet ordered though PO intake poor; PTH 214, phos 5.1, Ca 8.4. L forearm AVF (placed 02/26, pre-emptive) w/ strong bruit — no BP/needles L arm. K 3.8, Hgb 10.3, no transfusion. Vanc avoided d/t prior flushing; daptomycin covering MSSA for now. Family meeting this PM re: goals of care and possible HD if renal fn declines. Plan: cont norepi, cefepime, dapto; ID to weigh in on carbapenem request; f/u cx."
50,P035,Admission H&P,Internal Medicine Resident,2026-03-21 11:01:00+00,"*** SYNTHETIC RECORD — FAKE PATIENT — NOT FOR CLINICAL USE ***
42M w/ CKD 3a (baseline Cr ~1.7-1.8, eGFR 47) p/w fevers to 38.9 at home x2d, malaise, dysuria, poor PO intake. NKDA — explicitly no penicillin or other beta-lactam allergy; has taken amoxicillin in the past without any reaction. Home meds: sevelamer 800 mg PO TID w/ meals (admits missing doses), calcitriol 0.25 mcg daily, allopurinol 300 mg daily, atorvastatin 20 mg qhs. PTH 312 last mo, pending repeat; renal dietician had counseled on low-phos diet but pt admits nonadherence, wife brings in outside food. AVF L forearm created ~2 mo ago in anticipation of future needs — bruit and thrill present, surgical f/u scheduled next mo. Lives 45 min away; brother provides all transport, rides have been a barrier to clinic attendance per pt. Blood cx x2 and UA sent on arrival. Started empiric ceftriaxone 2 g IV q24h. Will f/u cx in am, continue home meds, dietary consult placed."
51,P035,Progress Note,Attending Hospitalist,2026-03-23 08:01:00+00,"*** SYNTHETIC RECORD — FAKE PATIENT — NOT FOR CLINICAL USE ***
Overnight: blood cx from 3/21 now 2/2 bottles growing E. coli, flagged ESBL by micro; full susceptibilities still pending. Pt remains febrile, Tmax 38.7 overnight, now >48h into ceftriaxone with no clinical improvement — still feels lousy, CRP up to 51 from 38, WBC 10.4. Will continue ceftriaxone pending susceptibilities; ID consulted. NKDA reconfirmed at bedside — pt denies any penicillin or cephalosporin allergy. Repeat blood cx drawn to document clearance. Family meeting held today w/ pt and his daughter re: CKD education and future modality options; daughter had many questions about home therapies, referred to Synthetic Dialysis Unit East education class (pt to arrange ride w/ brother). Phosphate binder adherence remains poor — re-counseled, sevelamer continued. AVF bruit intact. Renal diet continues; pt still c/o food. Plan: f/u susceptibilities, ID recs, repeat labs am."
52,P035,ID Consult Note,Infectious Diseases Fellow,2026-03-25 05:01:00+00,"*** SYNTHETIC RECORD — FAKE PATIENT — NOT FOR CLINICAL USE ***
ID consulted for ESBL E. coli bacteremia. 42M, NKDA — no penicillin or beta-lactam allergy per pt report and chart review. Blood cx 3/21 susceptibilities now final: ceftriaxone R, cefepime R, piperacillin-tazobactam I, ciprofloxacin R, ertapenem S, meropenem S. Pt now ~96h into ceftriaxone with persistent daily fevers (Tmax 39.1 yesterday) and CRP still climbing — first-line agent not working here. Recommend meropenem 2 g IV q12h; current eGFR 47 felt acceptable for this dosing w/ close renal monitoring, will renally adjust if Cr worsens. Restricted-abx exception form being submitted today. Continue ceftriaxone until meropenem approved. Otherwise: sevelamer continued, PTH f/u deferred to outpatient. Pt anxious about missing work and about transport home — brother to drive him at discharge. Will f/u repeat cx."
53,P009,Nephrology Consult Note,Nephrology,2026-03-23 13:29:00+00,"*** SYNTHETIC RECORD — FAKE PATIENT — NOT FOR CLINICAL USE ***
NEPHROLOGY CONSULT — AKI on CKD.
54F (116.1 kg) w/ h/o CKD 4 (baseline Cr ~2.8 per prior OSH labs), admitted 3/22 w/ fever, L flank pain. Consulted for rising Cr.
Currently s/p ~30 cc/kg LR in ED/floor — remains on norepinephrine 0.14 to keep MAP >=65; MAP slides to 58-62 whenever RN attempts to wean. Lactate 5.1. T 38.6, HR 118, RR 22, SpO2 97% 2L NC.
Labs: Cr 5.19 (eGFR 20), K 5.1, WBC 23.5, CRP 228, Hgb 9.3. UOP ~35 cc/hr, cloudy.
Urine cx 3/22: E. coli, ESBL flagged — R ceftriaxone, R cefepime, R cipro; S pip-tazo, ertapenem, meropenem.
US: mod L hydroureteronephrosis w/ ~8 mm UVJ calculus. IR consulted for L nephrostomy — NOT yet placed, pt on pressors, transport deferred; urology aware. Source uncontrolled at present.
A/P: AKI on CKD4, likely septic + obstructive component. No emergent HD indication — K acceptable, no pulm edema on exam, no uremic sx. Strict I/O, daily BMP/Mg/Phos, hold metformin, avoid NSAIDs/contrast. Allg: amoxicillin (itching, mild). Denies CP. Will f/u nephrostomy timing w/ IR."
54,P009,ICU Progress Note,Critical Care,2026-03-26 10:29:00+00,"*** SYNTHETIC RECORD — FAKE PATIENT — NOT FOR CLINICAL USE ***
ICU PROGRESS NOTE — HD5.
54F w/ obstructive urosepsis. Overnight: still vasopressor-dependent — norepi ~0.1, MAPs 60-63 on each wean attempt, titrated back up to keep MAP >=65; cumulative IVF ~4L since admission. T 38.4, HR 112, RR 22.
Repeat labs: WBC 23.5, CRP 228, lactate 5.1, Cr 5.19, K 5.1, Hgb 9.3.
Blood cx 3/25: S. aureus (MSSA) — oxacillin S, cefazolin S, vanc S. Urine cx 3/22 ESBL E. coli as previously resulted.
L nephrostomy still pending — IR list backed up, urology discussing backup OR stent; obstructed collecting system remains undrained. Source control outstanding.
[copy-forward error, bed 14 — NOT this pt, disregard]: ESRD s/p tunneled line, HD MWF, dry wt 82.3 kg, held HD today d/t hypotension, f/u K.
Exam: no rash, no calf tenderness, line sites clean, lungs CTA b/l. Pt denies CP/SOB. Allg: amox (itching).
Plan: nephrology f/u AKI on CKD, ID aware of cx, f/u repeat labs AM, strict I/O."
55,P033,Nephrology progress note,Nephrology attending,2026-03-23 07:10:00+00,"*** SYNTHETIC RECORD — FAKE PATIENT — NOT FOR CLINICAL USE ***
Nephrology progress note (copy fwd, updated): 73F ESRD on HD TTS (Synthetic Dialysis Unit East), admitted 3/22 w/ fever to 38.4 at the unit + generalized malaise. T 38.2, HR 92, BP 128/74 (MAP 92), RR 18, SpO2 97% RA. Hemodynamically stable — no vasopressor requirement, no signs of shock; lactate 1.6. WBC 14.3, CRP 81, K 3.9, Cr 12.5 (baseline; eGFR 8). Urine cx 3/20: E. coli (ceftriaxone S, piptazo S, meropenem S); repeat urine cx 3/22: E. faecalis (amp S, vanc S). Blood cx x2 drawn, pending. Started empiric ceftriaxone, renally dosed. PMH: HTN, DM2, +MRSA nares swab 2024 (colonization, no MRSA infxn documented since); s/p R distal radius fx 2019, healed, ambulates w/ cane. NKDA. LUE AVF w/ good thrill, no erythema. Pt c/o poor appetite, denies CP, denies SOB. Plan: cont abx, f/u cx, HD per TTS schedule, trend WBC/CRP."
56,P033,Dialysis treatment note,HD RN,2026-03-26 04:10:00+00,"*** SYNTHETIC RECORD — FAKE PATIENT — NOT FOR CLINICAL USE ***
HD treatment note — Synthetic Dialysis Unit East. Pt in for scheduled Thursday run. Pre-HD: T 37.9, BP 122/70, HR 86, wt 66.8 kg. Ran full 3.5 h tx, UF 1.8 L removed. No intradialytic hypotension — lowest intra-tx BP 118/68; no cramps, no saline boluses, no early stop. Post-HD BP 126/74, HR 84. AVF cannulated x2 needles w/o difficulty, sites clean/dry, hemostasis <10 min post decannulation. Pt c/o fatigue, denies chills during tx, ate sandwich mid-run. Continues IV abx per nephrology. RN tracking temp curve, team aware. Next tx Saturday per TTS schedule."
57,P033,ID consult addendum,Infectious diseases physician,2026-03-28 01:10:00+00,"*** SYNTHETIC RECORD — FAKE PATIENT — NOT FOR CLINICAL USE ***
ID consult addendum: re-eval for persistent fever. 73F HD-dependent (TTS), on ceftriaxone since admit for E. coli / E. faecalis urine cx (3/20, 3/22 — susceptibilities on chart). Spiked 38.1 overnight; blood cx still pending, nothing reported to date. Given documented MRSA colonization (nares + 2024), gram-positive coverage gap is a concern — recommend empiric vancomycin while awaiting cx; renally dosed for HD (Cr 12.5, eGFR 8) w/ pharmacy to f/u levels. Vitals this AM: T 38.1, BP 124/72 (MAP 89), HR 88, RR 16. Not on vasopressors and has not required them at any point this admission; no intradialytic hypotension this week; lactate 1.6. No signs of shock. NKDA. Will de-escalate per cx results. Continue ceftriaxone for now."
58,P036,ED provider note,ED physician,2026-03-24 15:11:00+00,"*** SYNTHETIC RECORD — FAKE PATIENT — NOT FOR CLINICAL USE ***
80F w/ CKD 3a (baseline Cr ~1.3, not on HD, follows at Synthetic Dialysis Unit East CKD clinic) p/w fever 38.9 at home, dysuria x3d, suprapubic discomfort. Lives w/ daughter; one cat at home; no recent travel, no sick contacts. Allergies: PCN (angioedema, severe), latex (contact dermatitis, mild). Vitals: T 38.7, HR 101, RR 20, SpO2 96% RA. Exam: suprapubic tenderness, no CVA tenderness, lungs CTA bilat, no rash, mucous membranes moist. Labs: WBC 8.8, CRP elevated, Cr 1.83, K 5.8, lactate 1.0. No signs of shock. UA w/ pyuria; urine cx sent, blood cx pending. Given severe PCN allergy started empiric ceftriaxone after UA. Admit for obs. Denies cough, chest pain, diarrhea. Will f/u cx in AM."
59,P036,Nephrology consult note,nephrology fellow,2026-03-26 12:11:00+00,"*** SYNTHETIC RECORD — FAKE PATIENT — NOT FOR CLINICAL USE ***
Renal consulted for Cr 1.83 (eGFR 51) on CKD 3a, plus K 5.8.
(copied fwd from 3/2): 'T 36.9, HR 72, RR 14. Cr 1.38, K 4.7. Plan: cont CKD clinic f/u q3mo, cont lisinopril 10 daily, renal diet, next BMP 6 wks.'
NB — above block is stale, carried over from routine CKD visit 3/2; today's values Cr 1.83, K 5.8, WBC 8.8, CRP 133, and the plan below supersedes it.
Assessment: febrile UTI — urine cx 3/24 grew Enterococcus faecalis (amp S, vanc S). Severe PCN allergy (angioedema) on chart, so ampicillin not a safe option despite susceptibility. Chart review: no prior MRSA, VRE, ESBL or CRE colonization or infxn documented. Not septic at present, no signs of shock, lactate 1.0.
Plan: hold lisinopril d/t K 5.8 + concern for AKI on CKD; low-K diet; BMP q AM. Recommend vanc w/ pharmacy-dosed troughs given renal fxn. Cont to trend."
60,P036,Progress note,hospitalist,2026-03-28 09:11:00+00,"*** SYNTHETIC RECORD — FAKE PATIENT — NOT FOR CLINICAL USE ***
Hospital day 4. Pt remains febrile overnight, Tmax 38.4, still c/o suprapubic discomfort, o/w unchanged. Vitals: T 38.2, HR 94, RR 18, SpO2 97% RA. Blood cx still pending. Urine cx final: Enterococcus faecalis, ampicillin S / vancomycin S — but PCN allergy is angioedema (severe), so amp not usable. WBC 8.8, CRP 133, lactate 1.0. No signs of shock. Repeat chart review notable for absence of any MDRO hx — no MRSA/VRE/ESBL/CRE colonization or infxn documented before this admission. Plan: switch to vanc 1250 mg IV q8h; restricted-abx exception form submitted, trough-guided dosing per pharmacy d/t CKD 3a (Cr 1.83). K 5.8 — cont low-K diet, recheck in AM. Latex allergy: non-latex supplies only. Daughter at bedside, updated on plan. Will reassess once remaining cx finalize."
61,P007,Progress Note,Hospitalist,2026-03-28 18:01:00+00,"*** SYNTHETIC RECORD — FAKE PATIENT — NOT FOR CLINICAL USE ***
3/28 AM — 28M (50.8 kg) w/ CKD 3b (baseline Cr ~2.0) admitted 3/26 w/ fevers, rigors, R flank pain. Hx notable for MSSA bacteremia 3/21 (oxacillin/cefazolin-s per OSH records), tx'd there per pt. Remote hx L ankle fx s/p ORIF 2022, healed, noncontributory. Allergy: PCN — anaphylaxis; NKDA otherwise. CT A/P: 3.4 cm R perinephric abscess, no hydronephrosis; IR consulted, drainage tentatively early next wk — not yet performed. Vitals: T 38.9, HR 96, BP 116/70 (MAP 85), RR 16, 97% RA. On ceftriaxone 2g q24h since 3/26 — still febrile overnight, rigors persist. No vasopressor support, mentating well, UOP adequate, lactate 1.1. Labs: WBC 11.3, CRP 56, Cr 2.18 (eGFR 40), K 3.7, Hgb 8.9 stable. Denies dysuria now, no cough, no CP. Pain controlled w/ scheduled tylenol. Diet advancing, ambulating w/ PT. Plan: cont ceftriaxone today; blood cx redrawn, pending; ID consulted re: escalation options given PCN allergy; f/u IR re: drainage timing. Will reassess pm."
62,P007,Consult Note,Infectious Diseases,2026-03-30 15:01:00+00,"*** SYNTHETIC RECORD — FAKE PATIENT — NOT FOR CLINICAL USE ***
3/30 ID consult — 28M w/ R perinephric abscess, sepsis without shock. Now hospital day 4 of ceftriaxone w/ no clinical improvement: daily Tmax 38.8–39.1, ongoing rigors, WBC 11.3 unchanged, CRP 56. Abscess 3.4 cm remains undrained; IR drainage still pending (tentatively tomorrow) — source control not yet achieved. Remains hemodynamically stable: BP 120s/70s, MAPs 80s, no pressor requirement, lactate 1.1, alert x4. Hx MSSA bacteremia 3/21 (oxacillin/cefazolin/vanc-s); current syndrome c/w gram-neg process, will speciate off drainage cx. PCN anaphylaxis hx limits beta-lactam options — pip-tazo not advisable; carbapenem cross-reactivity negligible. Recommend meropenem 500 mg IV q12h (eGFR 40, wt 50.8 kg). Continue to push IR for source control; will de-escalate once cx data back. Repeat blood cx pending. Pt tolerating PO, ambulating, pain well controlled. Thanks for the consult."
63,P043,Infectious diseases consult note,ID fellow,2026-03-31 09:52:00+00,"*** SYNTHETIC RECORD — FAKE PATIENT — NOT FOR CLINICAL USE ***
Synthetic Renal Ward 4B. 83F, CKD 3b, no HD. Blood cx 3/31: Enterococcus faecium (VRE), vanc R, amp R, linezolid S, daptomycin R on lab printout; concurrent blood cx no growth. Assessment: VRE bacteremia, source tunneled right IJ line; site clean, no pus. CXR without focal infiltrate; current treatment target is bloodstream/line infection, not pneumonia or a lung source. Urine cx 3/27 E. coli susceptible to ceftriaxone/PTZ/meropenem, no urinary sx, not driving therapy. Plan: start vancomycin per pharmacy, arrange line removal/exchange, repeat cx per lab. Copy-forward: sevelamer 800 mg TID with meals, PTH pending, renal diet, transport to IR delayed until AM; family meeting tentative."
64,P043,Nephrology progress note,Nephrology attending,2026-04-02 06:52:00+00,"*** SYNTHETIC RECORD — FAKE PATIENT — NOT FOR CLINICAL USE ***
Nephro f/u: pt remains not on dialysis. Main active issue still VRE bacteremia from right IJ tunneled line; lungs clinically clear and we are not treating pneumonia. Vancomycin level reported therapeutic, but Cr now 2.55 with eGFR 37 after vanc and urine output a bit lower; renal/ID agree this is vanc-attributed AKI, so vanc held. No new rash and not a rate-related flushing reaction. Allergy list unchanged: amoxicillin causes hives/rash, moderate. Labs: WBC 11.9, CRP 184, Hgb 10.4, K 4.5, lactate 1.2, CK 204. Continue sevelamer with meals, recheck PTH, renal diet, strict I/O. Transport for line exchange bumped twice; old left forearm fistula has faint bruit but never used. Family meeting re goals tomorrow."
65,P016,ID consult note,Infectious Diseases physician,2026-04-01 13:46:00+00,"*** SYNTHETIC RECORD — FAKE PATIENT — NOT FOR CLINICAL USE ***
ID consulted for VRE bacteremia. 77M, ESRD on HD TTS via R IJ tunneled cath. BCx 3/28: 1 of 2 sets + E. faecium (VRE), second set no growth; suscept back: vanc R, amp R, linezolid S, dapto S.

Empiric vanc started 3/29; ~25 min into infusion (2 g over 3 h, diphenhydramine premed) pt developed diffuse flushing, intense pruritus, chest tightness, perioral edema, BP 88/54. Infusion stopped, resolved w/ diphenhydramine + famotidine. Re-challenged 3/30 at slower rate (1 g over 4 h) — same reaction recurred, again required d/c. Matches documented red-man reaction (moderate) in allergy table; not manageable by slowing the infusion. Vanc not an option regardless given R result.

Source: tunneled HD line presumed. No murmur, TTE ordered to r/o endocarditis.

Rec: daptomycin 600 mg IV after each HD session (TTS). Linezolid S but bacteriostatic — prefer bactericidal agent for line bacteremia. Baseline CK 248, will f/u weekly CK on dapto. Repeat BCx 48h into active therapy. Recommend catheter exchange once access coordinated w/ HD. Restricted-abx exception form to be submitted. — ID"
66,P016,Nephrology progress note,Nephrology attending,2026-04-04 10:46:00+00,"*** SYNTHETIC RECORD — FAKE PATIENT — NOT FOR CLINICAL USE ***
HD run 4/4: 3.5h, UF 2.0L, tolerated, no cramping. Pt reports feeling better than last wk, denies chest pain, denies cough or sputum. Vitals: T 37.2 HR 78 BP 132/68 pre / 124/62 post, SpO2 97% RA. R IJ TDC w/ faint exit-site erythema, no drainage. Lungs CTA bilat; CXR today no infiltrate — no pulmonary focus, working source remains the line.

Labs 4/4: WBC 11.1 (trending down), CRP 46, K 5.1, Cr 12.18 (eGFR 5, on HD), Hgb 9.5, lactate 1.2. CK 248 baseline ahead of dapto.

Awaiting restricted-abx approval for daptomycin 600 mg post-HD per ID; vanc off table (red-man reaction despite slowed infusion; isolate vanc-R anyway). TDC exchange planned mid-wk if approval lands. F/u BCx drawn, pending.

Remote hx: s/p L distal radius fx ORIF (2019), healed, no deficit. NKDA exc vanc as above. Full code. Wife updated by phone."
67,P028,Hospitalist progress note,Hospitalist MD,2026-04-04 13:32:00+00,"*** SYNTHETIC RECORD — FAKE PATIENT — NOT FOR CLINICAL USE ***
Hosp day 2. 77F ESRD on HD (TTS) adm 4/3 c/o productive cough x ~4d, fevers, SOB. CXR: RLL infiltrate c/w pneumonia. Sputum cx sent, pending; blood cx 4/5 no growth to date. WBC 9.4, CRP 134, lactate 1.5. T 38.1, HR 92, BP 128/64, RR 20, SpO2 93% on 2L NC. Not septic, no signs of shock. Lungs: crackles R base, no wheeze. Denies CP, denies pleuritic pain. HD today (Sat session) tolerated, UF 2.0L. Hgb 9.3 stable, no transfusion. K 5.4. ID consulted re abx plan once cx finalized. Copy-forward: chronic knee OA, tinnitus unchanged, home eye drops cont, daughter visits Sundays. Plan: cont empiric abx, f/u sputum cx, renal dosing per pharmacy, repeat labs AM."
68,P028,Nephrology/HD treatment note,Nephrology APRN,2026-04-07 10:32:00+00,"*** SYNTHETIC RECORD — FAKE PATIENT — NOT FOR CLINICAL USE ***
HD unit note — Synthetic Kidney Clinic North. 77F in for scheduled TTS HD, remains inpatient tx for pneumonia. Sputum cx 4/7: Enterococcus faecium (VRE) — vanc R, amp R, linezolid S, dapto R. Primary team discussing restricted-abx exception w/ ID + pharmacy; definitive agent TBD. Cough improving per pt, denies chills this AM. T 37.6, BP 142/78 pre-HD, HR 88. No signs of shock, lactate 1.5. Labs: Cr 12.74, eGFR 4, K 5.4 — run w/ 2K bath. Hgb 9.3. CK 160 baseline. Session tolerated, UF 1.8L, EDW 108.7 kg. Repeat CXR ordered by medicine. [copy-forward fragment from bed 14 chart — NOT this pt, disregard]: linezolid d6 for L foot ulcer, wound vac change due, podiatry f/u Fri. Pharmacy to advise re post-HD abx timing once agent selected."
69,P019,Nephrology progress note,nephrology fellow,2026-04-11 15:56:00+00,"*** SYNTHETIC RECORD — FAKE PATIENT — NOT FOR CLINICAL USE ***
Synthetic Dialysis Unit East. pt 32F, CKD 4, no HD. NKDA; EHR allergy table empty. Overnight: denies fever/chills, dysuria, flank pain; PO intake fair; urine output present. T 37.4 HR 91 RR 18 SpO2 98% RA. (copied fwd from 3/2): T 36.7 HR 82 RR 14 SpO2 99% RA. Plan: begin sevelamer if phos high, renally dose meds, outpatient iron if Hgb <10, recheck BMP Tue, f/u access discussion. Supersedes copied plan: sevelamer already continued with meals; iron held d/t Hgb 11.5 and no bleeding concern; access talk deferred while acute issue managed. Labs today: Cr 3.53, eGFR 26, K 5.6, WBC 8.7, CRP 260. Urine cx 4/11: E. faecalis, ampicillin S; clinically asymptomatic, no catheter. Gave kayexalate, repeat K ordered; reviewed meds for renal dosing and nephrotoxin avoidance."
70,P019,Restricted antimicrobial request note,clinical pharmacist,2026-04-14 12:56:00+00,"*** SYNTHETIC RECORD — FAKE PATIENT — NOT FOR CLINICAL USE ***
pt 32F, 57.4 kg, CKD 4, no HD. NKDA per EHR. Blood cx 4/12: no growth. Urine cx 4/11: E. faecalis, ampicillin S; pt remains without urinary symptoms and has no catheter, so not the driver for IV therapy. Current labs: Cr 3.53/eGFR 26, K 5.6 treated w/ recheck pending, Hgb 11.5, WBC 8.7, CRP 260; recent vancomycin trough 19.0. Plan: exception submitted for vancomycin 750 mg IV q48h as culture-directed therapy per micro on form; pharmacy to own timing, repeat level w/ next scheduled dose, hold or re-dose if level remains above goal. Continue source control and daily renal labs. Avoid aminoglycosides; adjust all renally cleared meds."
71,P005,Hemodialysis Treatment Note,Dialysis RN,2026-04-14 21:40:00+00,"*** SYNTHETIC RECORD — FAKE PATIENT — NOT FOR CLINICAL USE ***
Pt to Synthetic Dialysis Unit East via contract stretcher transport, ~25 min late (first driver no-show, second van dispatched). Scheduled HD, TTS. Allergy band confirmed: PCN (angioedema, severe), latex (mild contact dermatitis). Contact precautions maintained — MRSA nares screen + 2024 on file. Pre-HD VS: T 37.6, HR 92, BP 90/56; wt 96.3 kg, EDW 95.0. L AVF w/ strong bruit/thrill, cannulated ok. Intradialytic hypotension from hr 2: recurrent SBP 78-86; UF trimmed 2.5→1.8 L, Trendelenburg, 250 mL NS. Run terminated 45 min early (3h15m of ordered 4h) w/ SBP 82, MAP 60. Post BP 94/58, pt conversant, denies CP/SOB/dizziness. No vasopressors needed at any point, no signs of shock. Wound swab 4/9 +MRSA noted; ID following. Pt admits skipping sevelamer ('horse pills') — counseled, dietitian notified. Vanc 1000 mg post-HD awaiting restricted-abx exception, not given this session."
72,P005,Nephrology Progress Note,Nephrology attending physician,2026-04-15 18:40:00+00,"*** SYNTHETIC RECORD — FAKE PATIENT — NOT FOR CLINICAL USE ***
Seen in unit; no HD today (TTS schedule). VS: T 36.9, HR 90, BP 84/52, MAP 62 — pt c/o feeling 'washed out' after yesterday's shortened run, denies fevers, CP, SOB. Not on any vasopressor now and none required at any time this admission; exam w/o signs of shock, lactate 1.1. Labs: Cr 9.52, eGFR 7, K 4.0, WBC 21.7, CRP 249, Hgb 9.2 — continue ESA, recheck iron indices. Urine cx 4/14: E. coli, S to ceftriaxone/pip-tazo/meropenem; treat only if sx given severe PCN allergy (angioedema) complicating beta-lactam use. Wound swab 4/9 MRSA: oxa R, vanc I, dapto S, linezolid S, TMP-SMX S. Hx MRSA nares colonization (2024), clearly predating this illness. A/P: marked leukocytosis + CRP, wound source suspected; restricted-abx exception submitted today for vancomycin 1000 mg IV post-HD for MRSA bacteremia per ID; daptomycin fallback if suboptimal response given vanc-intermediate MIC. Recheck BP tomorrow; consider dry-weight uptitration if hypotension persists. PTH 812 — discussed cinacalcet titration, renal diet, binder adherence. Family meeting w/ daughter Fri 1400 re: goals of care and ongoing transport issues."
73,P015,Dialysis progress note,Nephrology NP,2026-04-17 05:50:00+00,"*** SYNTHETIC RECORD — FAKE PATIENT — NOT FOR CLINICAL USE ***
HD unit note — Synthetic Dialysis Unit East. 84F ESKD 5D, HD TTS via L forearm AVF; bruit + thrill intact, access site clean, no erythema. Pt c/o fevers, chills x2d; Tmax 38.4 at unit today, HR 92. Blood cx from 4/15 growing S. aureus (MSSA) — oxacillin S, cefazolin S, vanc S. CRP 181, WBC 9.4, Hgb 8.2, K 4.4. Cr 11.34, eGFR 6 (dialysis-dependent). Denies cough, dysuria, diarrhea, access pain. PMH notable: MRSA nares colonization documented 2023, underwent mupirocin decolonization course; also VRE in urine per outside records 2022. Allergy list reviewed: vancomycin — red man syndrome, moderate; if vanc used, slow infusion + premed per pharmacy. Repeat blood cx drawn today to document clearance. Non-ID issues: cont sevelamer 800 mg w/ meals, phosphate 6.1 last draw; PTH 742 last month, cont cinacalcet 30. Renal diet teaching reinforced, pt asking re: fruit and K. Medicar transport late twice this wk, daughter coordinating rides. Family meeting tentatively Fri re overall goals. f/u cx, adjust abx w/ ID."
74,P015,ID consult addendum,Infectious Diseases MD,2026-04-19 02:50:00+00,"*** SYNTHETIC RECORD — FAKE PATIENT — NOT FOR CLINICAL USE ***
84F, ESKD on HD TTS, referred for S. aureus bacteremia — 4/15 blood cx MSSA, oxacillin S / cefazolin S / vanc S. Source unclear; no tunneled catheter, AVF w/o overlying changes. Afebrile this AM, HR 84. WBC 9.4, CRP 181 (trending marker only). Chart review notable for prior MDRO hx well before this admission: +MRSA nares swab 2023 s/p decolonization, VRE UTI 2022. Vanc listed as allergy (red man, moderate) — would avoid given fully susceptible MSSA; cefazolin 2 g IV post-HD is drug of choice if team amenable. Echo ordered r/o endocarditis; repeat cx q48h until neg x2. Discussed w/ nephrology fellow; aware team is weighing empiric options while final speciation confirmed. Will follow."
75,P029,Hemodialysis Treatment Note,Hemodialysis RN,2026-04-18 16:34:00+00,"*** SYNTHETIC RECORD — FAKE PATIENT — NOT FOR CLINICAL USE ***
HD run completed at Synthetic Kidney Clinic North, full 3.5h, UF 2.1 L. Pt tolerated session well: BP start 138/74, nadir 119/68, end 131/72, no intradialytic hypotension, no cramps, did not have to cut treatment short. L forearm AVF w/ strong bruit and palpable thrill, cannulated w/o difficulty, no redness or drainage at sites. Weight 67.5 kg vs EDW 66.0, counseled again on fluid restriction. Binder: sevelamer 800 mg TID w/ meals, pt admits skipping the evening dose most days. Last monthly PTH 412, cont cinacalcet. K 5.0, renal diet/low-K choices reviewed w/ pt and daughter. Transport van 40 min late for pickup; daughter frustrated, will call transport company Mon. Pt c/o mild fatigue x2 days but denies fever, chills, cough, dysuria, or abdominal pain. Chair time otherwise uneventful. F/u Tuesday."
76,P029,Nephrology Progress Note,Nephrology Attending,2026-04-21 13:34:00+00,"*** SYNTHETIC RECORD — FAKE PATIENT — NOT FOR CLINICAL USE ***
Called to HD unit mid-run for T 38.6. 81M, CKD 5D on HD TTS. Pt reports rigors at home last night; denies cough, dysuria, abdominal pain, diarrhea. AVF site clean, bruit/thrill intact, no overlying erythema or tenderness; no catheter in place. Vitals: T 38.6, BP 132/78 (MAP ~96), HR 88, RR 18, SpO2 96% RA. Completed full treatment today without intradialytic hypotension. Not in shock; has required no vasopressor support at any point during this illness and is holding MAP well above 65 on his own. Labs: lactate 1.8, WBC 10.8, CRP 196, K 5.0, Hgb 10.8, Cr 12.16, eGFR 7. Chart review: no prior colonization or infection w/ MRSA, VRE, ESBL, or CRE; MRSA nares screen 11/2025 negative. Allergies per chart: vancomycin (anaphylaxis, remote/reported, pharmacy to verify), latex (contact dermatitis). No cultures sent to date; blood cx x2 to be drawn today from line and peripheral. Given fever in an HD pt w/ markedly elevated CRP, want empiric MRSA-active therapy post-HD; submitting restricted-abx exception request for vanco 1000 mg IV post-HD. Brief family meeting w/ daughter at bedside re: plan and monitoring; she is in agreement. Will track temp curve and f/u cx results."
77,P010,Nephrology progress note,nephrology attending,2026-04-21 05:08:00+00,"*** SYNTHETIC RECORD — FAKE PATIENT — NOT FOR CLINICAL USE ***
S: 88M CKD5 (eGFR 10, Cr 9.07, not yet on HD) admitted 4/16 w/ fevers, rigors. Blood cx 4/17 + E. coli, ESBL per micro. Now hospital day 5, day 4 of pip-tazo (renal dosed). Still spiking Tmax 38.6 overnight, feels lousy. Denies chest pain, denies dysuria, no flank pain. c/o fatigue.
O: T 38.6, HR 92, BP 118/64, MAP 76, RR 18, SpO2 95% RA. No vasopressors, not septic appearing between fevers, lactate 0.9. Tunneled HD cath (R IJ, placed 3/30/26 in anticipation of HD start) — site w/ mild erythema, no pus. Lungs CTAB, no edema. UOP ~600 mL/d.
Labs: WBC 10.0, CRP 154 (up from 98 on admit), K 5.2, Hgb 10.5. Repeat blood cx 4/19 now + S. aureus (MSSA) — vanc added per primary team, levels pending.
A/P: Persistent bacteremia on day 4 of pip-tazo w/ rising CRP = failing current regimen. Permcath presumed source; recommended removal — family declined yesterday, want to ""give abx a chance."" Catheter remains in place, will re-address. ID consulted re: escalation to carbapenem. Continue to hold HD unless uremic indications; K tolerable. Past hx: L hip fx s/p ORIF 2022 after fall, healed, ambulates w/ walker."
78,P010,Infectious Diseases consult note,ID attending,2026-04-22 02:08:00+00,"*** SYNTHETIC RECORD — FAKE PATIENT — NOT FOR CLINICAL USE ***
ID consulted for recs re: bacteremia. 88M, 67.1 kg, CKD5 pre-dialysis. NKDA — specifically no penicillin or other beta-lactam allergy; has tolerated pip-tazo this admission without issue.
Hx: fevers since 4/16. Blood cx 4/17: E. coli (ESBL) — R to ceftriaxone, cefepime, cipro; S to pip-tazo, ertapenem, meropenem. On pip-tazo since 4/17 — now >72h with ongoing fevers, no clinical improvement, and repeat cx 4/19 grew MSSA (oxacillin/cefazolin S). Cx 4/20 no growth x1 so far. CRP trended up to 154.
Exam: AF at moment, T 37.9, BP 122/70, MAP 80s, HR 88. Never required pressors this admission, no signs of shock. R IJ permcath in situ w/ faint erythema at exit site.
Assessment: Polymicrobial bacteremia (ESBL E. coli + MSSA), catheter-related most likely. Source NOT controlled — permcath remains in place; extraction strongly recommended again today, family still declining, will involve pt's daughter in goals-of-care discussion.
Recs: 1) Escalate to meropenem 500 mg IV q12h (renally dosed for eGFR 10) — single agent reliably covering ESBL E. coli + MSSA given retained catheter and failure of >72h pip-tazo. 2) May d/c vanc once meropenem started. 3) Reiterate catheter removal. 4) Repeat cx q24-48h. 5) f/u cx and CRP. Will f/u daily."
79,P023,Admission H&P,Hospital Medicine attending,2026-04-18 13:09:00+00,"*** SYNTHETIC RECORD — FAKE PATIENT — NOT FOR CLINICAL USE ***
41M w/ CKD stage 5 (baseline Cr ~7-8, eGFR 13, not yet on HD) p/w R pretibial wound x ~3 wks, started after a scrape at work, now w/ spreading erythema, purulent drainage, worsening pain. Denies fevers/chills at home, denies cough, SOB, chest pain. Vitals: T 37.8, HR 88, BP 142/84, RR 16, SpO2 98% RA. Exam: R pretibial wound ~4x5 cm, surrounding erythema ~6 cm, purulence, no crepitus, border marked; lungs CTA bilat, no rales. CXR: no infiltrate. WBC 7.1, CRP 142, lactate 1.3, K 5.2, Cr 8.34, Hgb 9.8. Not septic, no signs of shock. Allergies: PCN (anaphylaxis). Started empiric vanc, pharmacy to dose, trough pending; wound cx sent. Renal f/u: continues sevelamer 800 mg TID w/ meals, PTH 612 last month on calcitriol 0.25 mcg, renal diet reinforced (wife bringing meals from home). L forearm AVF w/ palpable thrill, not yet mature for use. K 5.2 — kayexalate x1, recheck in AM. HD initiation discussed again; transport remains a barrier, pt depends on brother for rides; family meeting tentatively set for Thurs."
80,P023,Infectious Diseases consult,ID physician,2026-04-22 10:09:00+00,"*** SYNTHETIC RECORD — FAKE PATIENT — NOT FOR CLINICAL USE ***
ID consulted for MRSA wound infection w/ vanc failure. 41M, 96.9 kg, CKD5 pre-dialysis (eGFR 13, Cr 8.34). Wound swab 04-22: MRSA — vanc S, daptomycin S, linezolid S, TMP-SMX S; PCN anaphylaxis on chart. Pt now day 5 of vanc w/ trough 19.2 (therapeutic) yet clinically worse: erythema advanced ~2 cm past marked border overnight, ongoing purulence, CRP up from 88 to 142. Also developed pruritic maculopapular truncal rash on day 3 of vanc, felt drug-related. Impression: clinical failure on therapeutic vancomycin plus vanc-associated rash — recommend change to daptomycin. Source is clearly the pretibial wound; no pulmonary involvement, CXR clear, pt w/o any respiratory sx, so dapto appropriate as this is non-lung. Dose: daptomycin 750 mg IV q48h, renally adjusted for eGFR 13 (if HD initiated during tx, give after HD). Baseline CK 68 — trend CK weekly, hold for myalgias or rising CK. Wound care to reassess for debridement tomorrow. Continue sevelamer, recheck K in AM. Plan discussed w/ pt and brother at bedside, agreeable."
81,P008,HD treatment note,HD RN,2026-04-18 10:02:00+00,"*** SYNTHETIC RECORD — FAKE PATIENT — NOT FOR CLINICAL USE ***
Sat HD run. Pt arrived 40 min late d/t transport van no-show, chair time adjusted. L forearm AVF w/ strong bruit/thrill, no erythema or drainage. ~2.5 h into run pt w/ rigors, T 38.8, denies cough, flank pain, dysuria. BP held 130s/70s through run, UF 1.8 L completed. Charge RN paged HD MD, pt sent to ED post-run for fever w/u. Med rec updated: sevelamer 800 mg TID w/ meals (pt admits takes 'most of the time'), calcitriol, epoetin. Banner flags hx +MRSA nares swab (2024), prior isolation. Allergy: ampicillin (anaphylaxis). Pt c/o hunger, asking for non-renal snacks; dietitian f/u requested."
82,P008,Nephrology progress note,Nephrology fellow,2026-04-21 07:02:00+00,"*** SYNTHETIC RECORD — FAKE PATIENT — NOT FOR CLINICAL USE ***
Nephrology progress note. HD3, admitted Sat after rigors at dialysis. Still febrile on/off, Tmax 38.6 overnight. WBC 23.4, CRP 74, lactate 1.3. HD today (Tue): run terminated ~45 min early d/t intradialytic hypotension — SBP nadir 76, s/p 500 mL NS + Trendelenburg, recovered to 100s/60s in chair. Off all vasoactive support; no pressors required at any point this admission. UF goal reduced for Thu. K 5.5, team aware. PTH 640, phos 6.1 — sevelamer 800 mg TID w/ meals reinforced, renal diet trays ordered; pt requesting salt substitute, educated again. No cx on file to review. Access site clean, bruit intact. Denies chest pain, SOB. Plan: continue fever w/u, HD Thu w/ careful UF, monitor BP closely, repeat labs AM."
83,P008,Nephrology attending note,Nephrology attending,2026-04-24 04:02:00+00,"*** SYNTHETIC RECORD — FAKE PATIENT — NOT FOR CLINICAL USE ***
Nephrology attending note (Fri). Pt remains in-house on 4B, next HD Sat. Vitals this AM: T 38.2, BP 82/54 (MAP ~63), HR 104, RR 18, on maintenance IVF. Seen at bedside — alert, conversant, warm extremities. Not on any vasopressors; no vasoactive infusion running; lactate 1.3, urine output minimal (anuric, baseline), no signs of shock. WBC 23.4, CRP 74. Random vanc level 8.3 — subtarget; pharmacy recs 1000 mg IV post-HD at next run, restricted-abx exception form submitted today. Banner hx: +MRSA nares swab (2024). Allergy: ampicillin (anaphylaxis) — aminopenicillins to be avoided. Family meeting held w/ daughter at bedside re: current infection, HD schedule, goals of care — pt remains full code. Transport arranged for Mon chair. AVF bruit intact, no redness. Denies CP/SOB. Plan: continue fluids, recheck BP q1h, empiric MRSA coverage per exception request, f/u cx status."
84,P049,ED Provider Note,Emergency Medicine physician,2026-04-20 14:12:00+00,"*** SYNTHETIC RECORD — FAKE PATIENT — NOT FOR CLINICAL USE ***
ED note 4/20, 18:42. 66F, 49.8 kg, hx CKD 3b (baseline Cr ~1.9 per OMR), BIBA c/o fever, rigors, L flank pain x2d. EMS found hypotensive at home. T 39.4, HR 122, BP 84/50 after 1L NS bolus, RR 24, sats 94% RA. WBC 18.2, K 5.1, lactate 6.1, Cr 2.32. CT A/P: 7 mm obstructing proximal ureteral stone w/ moderate hydronephrosis + perinephric stranding, c/w obstructive pyelo. Total 30 mL/kg LR given; repeat BP 82/48 -> norepi started at 0.1 mcg/kg/min, MAP now 68 on 0.12. Allergies on file: PCN (anaphylaxis) — discussed w/ pharmacy, cefepime chosen over pip-tazo given low ceph cross-reactivity; cefepime 2g IV q12h (renally adjusted) x1 given, tolerated. IR paged for urgent nephrostomy tonight/tomorrow AM. Not septic workup delayed — lactate rechecked q4h. Admit Renal 4B stepdown. Code status full. Daughter at bedside, aware."
85,P049,Progress Note,Nephrology resident,2026-04-22 11:12:00+00,"*** SYNTHETIC RECORD — FAKE PATIENT — NOT FOR CLINICAL USE ***
Synthetic Renal Ward 4B — nephrology progress note, 4/22 AM, HD3.
(copied fwd from 3/2) Vitals: T 36.8, HR 76, BP 134/78 on RA. Wt 50.1 kg. Well-appearing, no edema. Cr 1.88. Plan: cont lisinopril 10 daily, avoid NSAIDs, f/u CKD clinic 3 mo.
^^ stale block, disregard — current 0800 flowsheet vitals: T 39.1, HR 118, MAP 63 on norepi 0.12, RR 24, sats 95% on 3L NC.
Now >48h into cefepime w/ clear clinical worsening: WBC 23.6 (up from 18.2 on admit), CRP 225, lactate up to 7.4. Still pressor-dependent to keep MAP >=65 despite net +3.5L since admit. Nephrostomy placed by IR yesterday AM — draining purulent urine, good output, obstruction relieved; source considered controlled. No cx data on file to narrow abx. ID consulted re escalation to carbapenem. K 5.1 — ACEi already held, low-K tray. DVT ppx: SCDs only, no heparin products d/t HIT hx. Hgb 9.9 stable. Pt fatigued but conversational, denies CP/SOB."
86,P049,Attending Progress Note,Nephrology attending,2026-04-24 08:12:00+00,"*** SYNTHETIC RECORD — FAKE PATIENT — NOT FOR CLINICAL USE ***
Renal 4B attending note 4/24. 66F w/ obstructive pyelonephritis s/p L nephrostomy 4/21 — tube draining well, flush easy, no residual obstruction on bedside US; source control achieved and maintained. Nonetheless remains in septic shock this AM: norepi 0.14 mcg/kg/min required to maintain MAP >=65, lactate 7.4, WBC 23.6, T 39.0. Now 4th day of cefepime w/o clinical improvement — call this failure of first-line therapy. Agree w/ ID rec to escalate to meropenem 1g IV q8h for broad gram-negative coverage incl possible ESBL; restricted-antibiotic exception form submitted today. PCN anaphylaxis on chart — carbapenem cross-reactivity negligible, will monitor 1st dose. Holding vanco (prior red man reaction); gram-pos coverage deferred unless clinical change. eGFR 37, Cr 2.32 — pharmacy to dose-verify. Plan: cont norepi wean as tolerated, lactate q4h, strict I/O, nephrostomy care per IR."
87,P034,Hospitalist admission note,Hospitalist,2026-04-21 17:59:00+00,"*** SYNTHETIC RECORD — FAKE PATIENT — NOT FOR CLINICAL USE ***
75F w/ ESRD 5D on CAPD (4 exch/day, followed by Synthetic Home Dialysis Program) p/w 2d fever, R flank pain, dysuria. Tmax 38.7 at home. Triage: T 38.4, HR 98, BP 132/76 (MAP 95), RR 18, SpO2 97% RA. Awake, warm, well perfused; no signs of shock, not requiring any vasopressor support. Lungs CTA bilat, R CVA tenderness, abd soft. PD exit site clean/dry, effluent clear. Allergies reviewed w/ pt and daughter: denies any penicillin or other antibiotic allergy — only latex sensitivity (mild contact dermatitis). Remote hx notable for L distal radius fx s/p fall 2021, ORIF, healed, no residual deficit. Labs: WBC 10.9, Cr 9.63 (baseline for ESRD), K 4.6, lactate 1.9, Hgb 8.4. UA turbid; urine cx sent, BCx x2 drawn and pending. CT A/P w/o contrast: R perinephric fat stranding w/ 2.3 cm rim-enhancing fluid collection c/w small perinephric abscess; no drain placed, IR consult in. CAPD to continue in-house. Renal diet, encourage ambulation. Daughter at bedside, updated."
88,P034,Nephrology progress note,Nephrology fellow,2026-04-23 14:59:00+00,"*** SYNTHETIC RECORD — FAKE PATIENT — NOT FOR CLINICAL USE ***
Nephrology f/u — 75F, ESRD 5D on PD. Interval: fevers persist, Tmax 38.6 ON. Hemodynamically stable: BP 128/70 (MAP ~89), HR 92; no vasoactive agents required at any point this admission, MAPs comfortably above 65 off support. Lactate 1.9. Urine cx 4/22: Enterococcus faecalis — ampicillin S, vancomycin S. BCx pending x2. CRP markedly elevated at 249. Perinephric collection remains undrained; IR slot not available until tomorrow, drainage still pending — discussed w/ pt, agreeable to procedure. PD continuing 4 exch/day, effluent clear, no abd pain, exit site benign. Home Kt/V reviewed 3 mo ago, adequate. Hgb 8.4, stable, no bleeding; continue ESA per home program. K 4.6, no holding of exchanges needed. Appetite fair, renal diet. TV in room broken, work order placed. Allergy band reads latex only — confirmed again w/ pt: NO penicillin/beta-lactam allergy; per daughter she took PCN-class abx many yrs ago w/o any reaction. ID consulted re: empiric gram-negative coverage given undrained collection."
89,P034,Infectious diseases consult note,ID attending,2026-04-24 11:59:00+00,"*** SYNTHETIC RECORD — FAKE PATIENT — NOT FOR CLINICAL USE ***
ID consulted for empiric gram-negative coverage. 75F ESRD on CAPD w/ R pyelonephritis c/b 2.3 cm perinephric abscess — collection NOT yet drained, IR scheduled; source remains in place pending procedure. Urine cx 4/22 grew Enterococcus faecalis (amp S, vanc S), but gram-neg pathogen not excluded given CRP 249 and ongoing febrile course. Vitals stable: T 38.1, BP 126/72 (MAP 90), HR 88; remains off vasopressors entirely, MAPs >65 unassisted, not septic-appearing on exam. Chart + pt interview: no penicillin or beta-lactam allergy — latex allergy only (mild contact dermatitis). Recommend meropenem 500 mg IV q24h, renally adjusted for eGFR 7/PD; restricted-antibiotic exception form submitted today. Continue CAPD exchanges, monitor effluent character. Will f/u IR drainage result and cx data."
90,P048,Nephrology HD run note,Nephrology RN/NP,2026-04-20 09:43:00+00,"*** SYNTHETIC RECORD — FAKE PATIENT — NOT FOR CLINICAL USE ***
HD run — Synthetic Dialysis Unit East, 4/20.
89F CKD5D, HD MWF. S/p removal of tunneled HD catheter 4/18 d/t MSSA bacteremia (blood cx 4/17); on cefazolin per ID. Dialyzing via L AVF today — bruit and thrill present, cannulated clean, no infiltration.
Tolerated run well: afebrile, BP 128-142/70s, MAPs high 80s-low 90s off any pressor support; no vasopressors required at any point this episode, no signs of shock. Lactate 1.3. UF 2.0 L, EDW 86.7 kg.
K 3.9. Phos 6.1 — counseled re: sevelamer 800 mg TID w/ meals, admits missing evening doses. PTH 972, cont calcitriol. Hgb 8.4 on ESA per protocol. Renal diet (2 g K) teaching repeated; pt misses bananas. Transport van 45 min late, run shortened accordingly. Daughter called desk re: pickup time.
Plan: cont HD MWF, f/u ID recs."
91,P048,Nephrology progress note,Nephrology,2026-04-24 06:43:00+00,"*** SYNTHETIC RECORD — FAKE PATIENT — NOT FOR CLINICAL USE ***
Interim note 4/24.
HD MWF via L AVF, bruit/thrill intact, no erythema at cannulation sites.
Urine cx 4/22: Klebsiella pneumoniae, ESBL — R: ceftriaxone, cefepime, ciprofloxacin; S: piperacillin-tazobactam, ertapenem, meropenem. Indwelling foley removed 4/22, voiding spontaneously, bladder scan PVR 80 mL. Denies dysuria/flank pain now.
Remains afebrile, WBC 9.8, CRP 225 but clinically well. Hemodynamically stable, MAPs 70s-80s on no vasoactive agents — no shock picture, not septic at this time.
MSSA bacteremia: continues cefazolin (oxacillin/cefazolin S); infected tunneled catheter already out 4/18 — that source addressed.
Allergy: ampicillin — anaphylaxis.
Misc: Cr 11.58, eGFR 8 (on HD, expected). K 3.9. Sevelamer adherence still spotty; binder calendar given. PTH recheck next month. Hgb 8.4, cont EPO. Pt c/o pruritus, likely uremic/high phos — lotion suggested. Van transport problems persist; SW f/u.
Plan: cont cefazolin; abx selection for ESBL Kleb per ID/exception form."
92,P048,Infectious Diseases progress note,ID,2026-04-26 03:43:00+00,"*** SYNTHETIC RECORD — FAKE PATIENT — NOT FOR CLINICAL USE ***
ID f/u 4/26. Reassessed for two issues:
1) MSSA bacteremia (blood cx 4/17) — attributed to infected tunneled HD catheter, removed 4/18. On cefazolin, doing well.
2) ESBL K. pneumoniae UTI (urine cx 4/22): ceftriaxone R, cefepime R, ciprofloxacin R; piperacillin-tazobactam S, ertapenem S, meropenem S. Foley out 4/22, voiding; urinary source controlled. No infected devices remain — source control for this admission is complete, nothing pending or declined.
Of note: pt has received NO first-line agent directed at this organism — no pip-tazo or other first-line drug was trialed, so there is no 48-h course with failure to point to; she has in fact improved clinically (afebrile >72 h, WBC 9.8, up in chair, eating).
Hemodynamics: stable throughout; never on vasopressors this episode, MAPs consistently >70 without support, lactate 1.3, no signs of shock.
Ampicillin allergy (anaphylaxis) on chart.
Primary team submitting exception request for meropenem 500 mg IV q24h (renal dosing, HD MWF). Ertapenem also susceptible and once daily — discussed. Will f/u.
Pt asking re: sweets; renal diet reiterated. Family meeting w/ daughter planned this week re: overall goals."
93,P050,Nephrology Progress Note,Nephrology fellow,2026-04-25 10:08:00+00,"*** SYNTHETIC RECORD — FAKE PATIENT — NOT FOR CLINICAL USE ***
Synthetic Renal Ward 4B — nephrology progress note (Sat).

Overnight: no fevers, denies chills/rigors, denies chest pain. Ate breakfast, asking again about going home (not this admission).

Vitals: T 37.2, HR 84, BP 136/78 (MAP ~97), RR 16, SpO2 97% RA. Hemodynamically stable throughout this admission — no vasopressor requirement at any point, no signs of shock; lactate 1.6.

HD: last run Fri 4/24 — completed full 4 h, UF 2.0 L, no intradialytic hypotension, did not have to stop early. Next HD Mon. Cr 12.6, K 5.7, eGFR 6 (HD-dependent). Hgb 9.2, continue ESA.

Bacteremia: BCx drawn 4/24 growing S. aureus, oxacillin/cefazolin susceptible (MSSA), vanc susceptible. Prior BCx 4/19 no growth. Repeat cx sent yesterday. WBC 9.9, CRP 236, recheck Mon. On empiric vanc, trough 12.5 — pharmacy to dose post-HD. ID following; plan to move to cefazolin once repeat cultures finalize.

Allergies: amoxicillin (itching), vancomycin (red man syndrome — infuse slowly, premed per pharmacy).

MDRO review: chart review negative for any prior MRSA, VRE, ESBL, or CRE infection or colonization; MRSA nares PCR neg 2025.

[copy-forward artifact — bed 11, not this pt]: on linezolid for foot osteo, podiatry to see Monday.

Plan: cont vanc 750 mg IV post-HD (exception form submitted); repeat BCx; f/u cx Mon."
94,P011,Dialysis rounding note,Nephrology fellow,2026-04-23 13:42:00+00,"*** SYNTHETIC RECORD — FAKE PATIENT — NOT FOR CLINICAL USE ***
HD unit rounding (TTS). 69F, ESRD s/p L forearm AVF, on HD ~3 yrs. Tolerated full 3.5 h run today, UF 2.2 L, no IDH; pre-HD BP 138/82, post 129/76, HR 78, afebrile. AVF w/ palpable thrill and good bruit, no erythema or drainage. Denies fevers, chills, cough, dysuria. c/o chronic itch — advised emollients. Phos 6.1 last mo — sevelamer 800 mg TID w/ meals continued, counseled on binder adherence; dietitian reviewed low-K/low-phos diet, pt reports husband does the cooking, rice-heavy meals. iPTH 812, continue cinacalcet 30 mg, recheck next mo. Hgb 8.7, EPO per protocol. K 3.7, keep 2K bath. Transport van late again, pt waited 40 min — case mgmt notified. Missed Sat run last wk for a family event, educated re attendance. Allg: amoxicillin (itching), codeine (nausea). Family meeting tentatively planned w/ daughter next Tue re overall goals. Cr 12.45, eGFR 5 — as expected on HD."
95,P011,Dialysis treatment note,Nephrology NP,2026-04-28 10:42:00+00,"*** SYNTHETIC RECORD — FAKE PATIENT — NOT FOR CLINICAL USE ***
Pt c/o chills and one rigor at home Sun night, Tmax 38.0 per daughter. Denies cough, dysuria, abd pain, diarrhea; AVF buttonhole sites clean, no catheter in place. In unit: T 37.4, BP 132/78 pre-HD (MAP ~96), HR 84, RR 16, SpO2 97% RA. Completed full 3.5 h HD, UF 2.0 L, no IDH, post-HD BP 128/74. Hemodynamically stable, not on any vasopressor support, no signs of shock — alert, conversational, ate sandwich mid-treatment. Labs today: WBC 8.8, CRP 96 (up from 41 last mo), lactate 1.1, K 3.7, Hgb 8.7. No cx sent to date; will draw BCx if fever recurs. Chart review: no prior MRSA, VRE, ESBL or CRE colonization or infxn, no MDRO flags. Allg: amoxicillin (itching), codeine (nausea). Nephrology aware — plan empiric vanc 750 mg IV post-HD today, restricted-abx exception form submitted. Daughter at bedside, updated; transport arranged for 1800 pickup."
96,P018,Nephrology Progress Note,Nephrology Attending,2026-04-28 06:57:00+00,"*** SYNTHETIC RECORD — FAKE PATIENT — NOT FOR CLINICAL USE ***
47F CKD5D on CAPD (4 exch/day) p/w cloudy effluent + crampy abd pain x3d, dx PD peritonitis. Effluent cx 4/22: Enterococcus faecium (VRE) — vanc R, amp R, linezolid S, dapto S. Allergy: PCN (angioedema, severe), chart verified.

Vitals: T 37.9, HR 94, BP 126/72, RR 16, SpO2 98% RA. Abd soft, mod diffuse tenderness, no rebound/guarding; PD cath exit site mild erythema, scant clear drainage. Lungs CTA bilat, CXR 4/28 w/o infiltrate; denies cough/SOB — source is intra-abdominal (PD peritonitis), no pulmonary process. Not septic, no pressors, lactate 1.7.

Labs: WBC 14.6, CRP 133, Cr 13.04/eGFR 6, K 4.8, Hgb 9.9, CK 156.

A/P: VRE PD peritonitis — requesting dapto 600 mg IV q48h (renal dosing); linezolid susceptible but Hgb 9.9 at baseline, prefer to avoid myelosuppression; ID on board. Continue CAPD for now, no HD needed. Repeat effluent cx in 48-72h. Weekly CK while on dapto.

Other active issues: sevelamer 800 mg TID w/ meals — admits missing doses, counseled; PTH 842 (3/26), cont calcimimetic; renal/low-phos diet reinforced w/ RD; K 4.8 stable on current regimen. L forearm AVF (unused since PD start) w/ good bruit/thrill, leave alone. Transport: missed Tue exchange teaching d/t medical van no-show, SW assisting. Family meeting w/ daughter — pt wishes to remain on PD; discussed contingencies if peritonitis recurs."
97,P027,Infectious Diseases Consult Note,ID attending,2026-04-29 13:51:00+00,"*** SYNTHETIC RECORD — FAKE PATIENT — NOT FOR CLINICAL USE ***
ID consult f/u. 48F w/ CKD 3b (baseline Cr ~2.2, today 2.35, eGFR 37) admitted w/ MSSA bacteremia — blood cx 4/24 +S. aureus (oxacillin S, cefazolin S, vanc S). Source: infected R PICC, pulled 4/26, tip cx sent — source controlled at this time. Pt reports penicillin allergy: hives/rash as a teen, moderate; not currently listed in EHR allergy table, pharmacy paged to reconcile. Listed allergies: vanc (flushing w/ prior infusion, mild), heparin (hx HIT, severe — avoid). Hemodynamically stable: T 37.4, HR 88, BP 118/72, MAP ~87 on RA, no vasopressors at any point this admission, not septic. Lactate 1.6, WBC 8.3, CRP 222. Has not received any first-line beta-lactam this admission — no cefazolin/pip-tazo/cefepime course, so no 48h trial to declare failure. Meropenem 500 mg IV q12h requested, renally dosed per eGFR. PMH notable for L ankle fx s/p ORIF 2019, healed w/o sequelae. K 4.3, Hgb 11.4. Denies chills/rigors today. Appetite fair, ambulating. Plan: f/u repeat blood cx, continue current monitoring, abx as above."
98,P006,Nephrology progress note,Nephrology (Home Dialysis),2026-04-25 15:38:00+00,"*** SYNTHETIC RECORD — FAKE PATIENT — NOT FOR CLINICAL USE ***
04/25 home dialysis f/u (inpatient). 43F, 99.8 kg, CKD 5D on CAPD 4 exch/day, admitted 4/23 w/ fevers, dysuria, R flank pain. Urine cx 4/23: E. coli (ceftriaxone S, pip-tazo S, meropenem S). Blood cx 4/24: MSSA (oxacillin S, cefazolin S, vanc S). Allergies: PCN (angioedema, severe), vancomycin (DRESS, severe), iodinated contrast (unknown). On ceftriaxone 2 g IV q24h since 4/23, covers urine isolate. ID aware re: MSSA bacteremia; given vanc DRESS + PCN hx, avoiding vanc, discussing cefazolin vs other. T 38.4, HR 104, BP 108/62, SpO2 97% RA. Warm, well-perfused. Denies CP, no cough, no diarrhea, no rash. Exit site clean/dry, no tunnel tenderness; effluent clear this AM. CAPD continued w/ PD nurse, last exchange 0600. K 4.2, Hgb 11.3 (baseline). Cr 12.97, eGFR 8. Renal diet, ate ~50% breakfast. Husband called, updated. Plan: cont CTX, trend blood cx, ID f/u, monitor exit site. If bacteremia persists may need to discuss PD cath removal — flagged for rounds."
99,P006,ICU progress note,Intensivist,2026-05-01 12:38:00+00,"*** SYNTHETIC RECORD — FAKE PATIENT — NOT FOR CLINICAL USE ***
MICU prog 05/01 0530. 43F ESKD on CAPD (4 exch/day), E. coli UTI + MSSA bacteremia, tx from floor 4/29 for hypotension. Now septic shock: after ~2.5 L LR, MAP 54 off pressors; on norepi 0.13 mcg/kg/min, MAP 66 this AM. Lactate 3.7 (up from 2.1 on admit). Tmax 39.0, HR 118, RR 24. WBC 23.7 (was 15.8), CRP 211. Ceftriaxone day 7 — no improvement; clinically worse w/ rising pressor req + inflam markers despite susceptible isolate. Allg unchanged: PCN (angioedema, severe), vanc (DRESS, severe), iodinated contrast unk — pip-tazo avoided, vanc off table. Source control NOT achieved: PD catheter still in; nephro + ID recommended removal 4/29, pt declined, wants to talk w/ husband first — will re-approach w/ family today. Cont CAPD meanwhile, effluent clear, exit site w/o erythema. ID rec meropenem 500 mg IV q24h (renal dose, eGFR 8) for broad empiric GNR — restricted, exception form submitted. [copy-forward artifact — bed 12, NOT this pt]: POD2 colectomy, on linezolid d4 for VRE, ambulating w/ PT, tolerating clears — disregard, wrong chart. Denies CP, no rash. Flu vaccine declined. Senna d/c'd. Await family disc re: PD cath; f/u lactate 0900."
100,P037,Nephrology Consult Note,Nephrology attending,2026-04-27 07:55:00+00,"*** SYNTHETIC RECORD — FAKE PATIENT — NOT FOR CLINICAL USE ***
68F admitted 4/24 w/ fevers + R flank pain. CT w/o contrast (iodinated contrast listed on allergy table) showed obstructing R ureteral stone w/ hydronephrosis; urology placed R ureteral stent 4/25, obstruction relieved — source control achieved. Blood cx drawn 4/24 grew ESBL E. coli. Sepsis w/o shock: at no point this admission has pt required vasopressors, MAPs 70s-90s off pressors, lactate 1.2. Allergies: ampicillin (anaphylaxis), iodinated contrast (unknown rxn). PMH: CKD4 (baseline Cr ~3.5), HTN; remote L distal radius fx in 2022 after a mechanical fall at home, healed uneventfully, no hardware — noncontributory. Meds rec'd; no home diuretics per pt. Labs: Cr 4.05, eGFR 20, K 4.4, WBC 12.7, CRP 119, Hgb 9.7. A/P: 1) CKD4 w/ likely prerenal + obstructive component — expect partial recovery now that stent in place; strict I/O, avoid nephrotoxins/NSAIDs, hold contrast. 2) ESBL E. coli bacteremia, source controlled — defer agent selection to ID; ensure renal dosing once chosen. 3) K 4.4 acceptable, continue monitoring given eGFR 20. 4) Hgb 9.7 c/w CKD, asymptomatic. Code full. Pt tolerating renal diet, ambulating w/ PT, c/o noisy hallway. f/u AM."
101,P037,Infectious Diseases Consult Note,Infectious diseases attending,2026-05-01 04:55:00+00,"*** SYNTHETIC RECORD — FAKE PATIENT — NOT FOR CLINICAL USE ***
ID consulted for ESBL E. coli bacteremia. 68F w/ CKD4; allergies: ampicillin (anaphylaxis), iodinated contrast (unknown). Source: obstructing R ureteral stone, ureteral stent placed by urology 4/25 — source control complete. Blood cx 4/24: ESBL E. coli; repeat blood cx 4/30: no growth. Susceptibilities per micro: ceftriaxone R, cefepime R, ciprofloxacin R, pip-tazo S, ertapenem S, meropenem S. Hemodynamics: not septic at present; never on pressors this episode, MAP consistently >65 w/o vasopressor support, lactate 1.2. Vitals: T 37.2, HR 84, BP 126/72, RR 16, 97% RA. Labs: WBC 12.7, CRP 119, Cr 4.05 (eGFR 20), K 4.4, Hgb 9.7. Given anaphylactic penicillin allergy on file, pip-tazo best avoided despite reported susceptibility. Restricted-antibiotic exception request placed for meropenem; pharmacy to renally dose per eGFR. Will f/u cx + inflammatory markers. Pt sleeping poorly d/t beeping IV pump; family at bedside, updated."
102,P002,Nephrology Progress Note,Nephrology Attending,2026-04-30 11:36:00+00,"*** SYNTHETIC RECORD — FAKE PATIENT — NOT FOR CLINICAL USE ***
Nephrology f/u. 79F ESRD 5D on CAPD 4 exch/day, admitted 4/27 w/ MSSA bacteremia, on vanc dosed per pharmacy, trough 18.2 (goal 15-20). Still febrile overnight, Tmax 38.4, rigor this AM, feels lousy. BP 122/70, HR 88, no pressors, lactate 1.1. Not septic appearing but clearly not better — will defer abx decisions to ID. Renal: K 5.3, recheck in AM, may start binder. Hgb 11.5, cont ESA. PTH 486 — cont calcitriol 0.25 mcg, sevelamer 800 mg TID w/ meals; pt admits she skips the lunch dose, counseled again. Renal diet education repeated — pt loves bananas, reviewed K content. L forearm AVF w/ palpable bruit, unused, keep as backup access. CAPD running per home prescrip, UF ~1.1 L/day, no cycler alarms. Daughter called re: transport to home dialysis clinic after d/c — gave SW contact. NKDA."
103,P002,Infectious Diseases Consult Note,ID Attending,2026-05-03 08:36:00+00,"*** SYNTHETIC RECORD — FAKE PATIENT — NOT FOR CLINICAL USE ***
ID f/u. 79F, NKDA, ESRD on CAPD. Blood cx 4/27 grew MSSA (oxacillin S, cefazolin S, vanc S). On vanc since 4/27, troughs therapeutic 15-20 throughout, yet clinically worse: daily fevers Tmax 38.6, rigors past 2 nights, WBC now 14.4 (up from 11s on admit), CRP 223 and climbing, pt c/o marked fatigue. Not in shock, MAP >70 off pressors, lactate 1.1. Blood cx redrawn 5/2 x2, results pending. A/P: MSSA bacteremia w/ clinical failure on vancomycin despite therapeutic levels >72h. Recommend daptomycin 500 mg IV q48h, renally dosed for ESRD on PD; exception form submitted. Baseline CK 106 (nl) — will check CK twice wkly and counsel re: myalgia. D/c vanc once dapto approved. Family meeting held w/ pt and daughter this AM — discussed abx change, rationale, expected course; questions answered, in agreement. F/u cx and CK."
104,P039,Nephrology consult note,Nephrology attending,2026-05-03 06:34:00+00,"*** SYNTHETIC RECORD — FAKE PATIENT — NOT FOR CLINICAL USE ***
Called to see 68F w/ CKD5 (Cr 8.06, eGFR 8, not yet on RRT) admitted w/ fever 38.6, HR 94, BP 132/78, RR 16, SpO2 97% RA. Redness/tenderness around R UE PICC used for outpt ceftriaxone for E. coli pyelo (urine cx 5/2: E. coli, S to ceftriaxone, pip-tazo, meropenem). Exam: lungs CTA b/l, no crackles; pt denies cough, sputum, dyspnea, pleuritic pain. CXR w/o infiltrate. Assessment: fever most c/w PICC line infection; source does not appear pulmonary on exam or imaging. Blood cx drawn x2, pending. L AVF w/ strong bruit and palpable thrill, matured, awaiting elective HD start; access surgeon f/u next wk. K 5.7 — held lisinopril, kayexalate given. Sevelamer 800 mg w/ meals cont; PTH 486, Ca 8.9. Renal dietitian saw pt — reinforced low-K/low-Phos diet; pt asking about tomatoes again. NKDA. No vanc given; pt has never received vanc per chart review, no h/o vanc rash, infusion rxn, or vanc-attributed kidney injury. Plan: d/c PICC, cont ceftriaxone renally dosed, trend cx."
105,P039,Infectious Diseases progress note,ID physician,2026-05-06 03:34:00+00,"*** SYNTHETIC RECORD — FAKE PATIENT — NOT FOR CLINICAL USE ***
ID f/u 5/6. Afebrile x24h. PICC pulled 5/4, site w/ resolving erythema, no purulence, no fluctuance. Blood cx 5/4 final: no growth. Urine cx 5/2 E. coli susceptible to ceftriaxone/pip-tazo/meropenem — cont CTX 1 g q24h per renal. Source assessment unchanged: line site infection. Resp exam benign, lungs CTA, no new O2 need, repeat CXR clear — not a lung process; no pneumonia is being treated. WBC 14.8 (down from admit), CRP 86. Vanc: none administered this admission and none in past yr per records; NKDA; no vanc intolerance documented and, accordingly, no vanc failure to date. If gram-pos coverage escalated, dapto reasonable; baseline CK 166 — recheck weekly if started. Hemodynamics stable, no pressors, lactate 1.9. Met w/ pt + daughter re: infection plan; also sat in on nephro family mtg re: HD modality — pt favors in-center, transport remains an issue d/t daughter's work schedule; SW arranging van service. Will f/u."
106,P039,Nephrology progress note,Nephrology fellow,2026-05-08 00:34:00+00,"*** SYNTHETIC RECORD — FAKE PATIENT — NOT FOR CLINICAL USE ***
5/8. 68F CKD5, pre-HD. Afebrile, BP 126/72, HR 84, RR 15, SpO2 98% RA. PICC site healing well, minimal residual erythema. Denies cough/SOB; lungs CTA b/l; CXR remains w/o consolidation — infection being treated is the line, not the lung. Repeat blood cx no growth. Cr 8.06, eGFR 8, K 5.7, Hgb 10.8. Urine E. coli responding to ceftriaxone (pan-S per 5/2 cx). L AVF bruit/thrill intact; HD start planned once timing finalized — pt still weighing in-center MWF vs home options; transport van arranged through SW after family mtg yesterday. Cont sevelamer 800 TID w/ meals, PTH 486 — start low-dose calcitriol; renal diet teaching reinforced (pt brought cookies, discussed). NKDA. No vanc exposure this admission and no prior vanc reaction documented; no vanc failure or intolerance in the record. ID requesting daptomycin 450 mg IV q48h for the gram-pos line-source infection; CK 166 baseline, will monitor. f/u labs AM."
107,P004,Admission note,Internal Medicine resident,2026-05-04 05:15:00+00,"*** SYNTHETIC RECORD — FAKE PATIENT — NOT FOR CLINICAL USE ***
67M (111.5 kg) w/ CKD4 (baseline Cr ~3.5, eGFR ~24, not on HD) p/w fevers, rigors x2d, L flank pain, dysuria. Denies CP, SOB. Allg: ampicillin (anaphylaxis), cephalexin (mild rash). Vitals: T 38.9 HR 106 BP 122/74 (MAP 90) RR 20 SpO2 97% RA. Exam: L CVA tender, no rash; L PICC present from prior admission, site clean. WBC 10.8, Cr 4.02, K 5.1, lactate 1.6. Blood cx x2 drawn -> flagged GNR. CT A/P: 7 mm L UVJ stone w/ hydroureteronephrosis, no drainable abscess. Assessment: obstructed infected kidney, bacteremic; hemodynamically stable, MAPs >70 on RA, no pressor support needed at any point. Plan: admit 4B tele; ceftriaxone 1 g IV q24h (renal dose); cautious 500 mL NS (CKD, watch volume); urology paged for urgent stent/decompression; repeat blood cx; strict I/O; avoid NSAIDs/contrast. Code: full."
108,P004,Consult note,Infectious Diseases consultant,2026-05-07 02:15:00+00,"*** SYNTHETIC RECORD — FAKE PATIENT — NOT FOR CLINICAL USE ***
ID consult — persistent bacteremia on ceftriaxone. 67M CKD4 admitted 5/4 w/ obstructed infected L kidney; ureteral stent placed 5/6, purulent urine drained per urology — source decompressed. Despite >72h ceftriaxone: Tmax 38.6 today, CRP 159 and climbing; repeat blood cx 5/6 grew new MSSA (second 5/6 set no growth); 5/4 cx grew E. coli ESBL. Interpretation: failure of first-line therapy beyond 48h w/ clinical worsening. Susceptibilities — E. coli: R to ceftriaxone, cefepime, ertapenem, ciprofloxacin; pip-tazo intermediate only; meropenem flagged R on automated panel (discussed w/ micro, confirmatory testing sent). MSSA: oxacillin S, cefazolin S, vanc S. L PICC pulled this a.m. (presumed MSSA nidus), tip sent. Vitals: BP 118/70, MAP 86 off vasopressors, lactate 1.8 — not in shock. Recs: 1) cefazolin 2 g IV q12h (renal-adj) for MSSA; 2) meropenem 500 mg IV q12h per eGFR 24 — restricted-abx exception form submitted, alternatives essentially nil given resistance pattern + ampicillin anaphylaxis hx; 3) blood cx q24h until clearance; 4) TTE to r/o endocarditis; 5) cont urology f/u for stent."
109,P004,Progress note,Nephrology attending,2026-05-08 23:15:00+00,"*** SYNTHETIC RECORD — FAKE PATIENT — NOT FOR CLINICAL USE ***
S: chills resolved, feels marginally better; voiding around stent, mild urgency. O: Tmax 38.1, Tc 37.6, HR 88, BP 126/78 (MAP 94) — has remained off vasopressors the entire admission, no signs of shock. UOP 1.1 L/d. Cr 3.86 (near baseline), eGFR 24, K 5.4 (patiromer x1, recheck), WBC 7.2, CRP 159, Hgb 9.7, lactate 1.8. Lines: none — PICC out 5/7; Foley d/c'd 5/8. L ureteral stent in situ, OP urology f/u booked. Surveillance blood cx pending. A/P: ESBL E. coli + MSSA bacteremia, source controlled (stent 5/6, line removal 5/7) after failing >72h ceftriaxone. On cefazolin; meropenem 500 mg q12h still awaiting restricted-formulary approval — pharmacist paged again. Continue tele, daily cx. Code status: full. [TEMPLATE FRAGMENT — bed 9, NOT THIS PT]: s/p R great toe amp, daptomycin day 3, wound vac changes MWF, podiatry to round."
110,P032,Nephrology Progress Note,Nephrology fellow,2026-05-15 16:18:00+00,"*** SYNTHETIC RECORD — FAKE PATIENT — NOT FOR CLINICAL USE ***
HD unit note — 55F, 49.6 kg, ESRD (CKD 5D) on HD MWF at Synthetic Kidney Clinic North, arrived to unit c/o fevers, rigors, malaise x2d. Allergies: PCN (anaphylaxis), heparin (HIT, severe) — running heparin-free per protocol. T 38.4, HR 104, RR 20, SpO2 96% RA. Alert, oriented, conversant in full sentences. LUE AV graft w/ good thrill, no overlying erythema; no obvious source — lungs CTA, denies dysuria, no rash. Labs today: WBC 14.5, CRP 195, Hgb 11.0, K 4.5, lactate 1.3, Cr 12.78, eGFR 7 (on HD). No cultures sent yet this admission. Clinically suspicious for gram-pos infection esp given hx — MRSA nares swab + 2024, known colonizer. Awake and mentating well, no signs of shock at present. Last vanc trough 8.9 (prior dose). Plan: empiric gram-positive coverage w/ vanc 750 IV post-HD pending restricted-abx approval — PCN anaphylaxis precludes beta-lactam; send bcx if team agrees; cont HD MWF heparin-free; f/u WBC/CRP. [leftover template - bed 14, NOT this pt]: on linezolid day 5, podiatry to see Tues, wife bringing walker."
111,P001,Dialysis / Nephrology Progress Note,Nephrology NP,2026-05-22 08:17:00+00,"*** SYNTHETIC RECORD — FAKE PATIENT — NOT FOR CLINICAL USE ***
HD unit note (Fri session): pt arrived c/o chills overnight, T 38.6, HR 104. Blood cx 5/20 grew S. aureus, micro reporting MSSA (oxacillin S, cefazolin S); PharmD and ID aware, abx plan being finalized. Run complicated by intradialytic hypotension — MAP slid to 58 around hr 2, UF held, 250 NS and feet up, HD terminated ~45 min early. Recovered to MAP 70 in chair post-run; pt has NOT required vasopressors at any point this illness and no pressors are running now. Lactate 1.2. WBC 18.2, CRP 65, K 4.3, Hgb 8.3 (ESA cont). Chart review: no prior MRSA, VRE, ESBL or CRE colonization or infection; routine MRSA nares screen 02/2026 neg. Allergies per EHR: ampicillin (anaphylaxis), vancomycin (mild flushing only).

Incidentals: sevelamer 800 TID w/ meals, admits missing doses on non-HD days; PTH 640, paricalcitol still held (Ca 10.1); renal diet reviewed again — wife's casseroles remain an issue. L forearm AVF w/ strong bruit/thrill, cannulated clean, no ooze post despite early stop. Transport 40 min late, dispatcher called twice. Family meeting w/ daughter re: goals of care tentatively Mon. Cr 11.88 pre-HD, eGFR 8 — expected, ESRD. Holding pt in unit x1 hr for obs given today's BP before transport."
112,P044,ID consult note,Infectious Diseases,2026-05-20 14:03:00+00,"*** SYNTHETIC RECORD — FAKE PATIENT — NOT FOR CLINICAL USE ***
ID consult for VRE bacteremia.\n74M, 52 kg, CKD 3b (baseline Cr ~1.9), not on HD, f/u Synthetic Kidney Clinic North as outpatient. Bcx 5/19 x2 bottles -> E. faecium (VRE): vanc R, amp R, linezolid S, dapto reported R -- asked micro to re-run MIC for confirmation before committing. Bcx 5/16 no growth.\nSource: R IJ tunneled cuffed line, exit site erythematous w/ scant purulence; line pulled this AM, tip sent. NOT a pulmonary process -- denies cough, sputum, pleuritic pain, dyspnea; lungs CTA bilat, CXR 5/20 w/o infiltrate or consolidation, sat 96% RA. Line is the source.\nUcx 5/21 + E. coli (CRO/PTZ/MEM S) -- mild cystitis, covering w/ ceftriaxone 1g q24h renally dosed; separate issue, not driving the bacteremia.\nOn empiric vanc since 5/19, trough pending -- moot point vs this isolate (R) but holding until alt agent cleared. VS: T 38.1 HR 96 BP 132/74 RR 18. Lactate 0.9, no pressors, no signs of shock, not septic appearing. WBC 7.8, CRP 258.\nPlan: repeat bcx q48h, TTE to r/o endocarditis, recheck Cr daily, will sub in non-vanc agent once pharmacy/renal weigh in. NKDA to abx (codeine -> nausea, mild)."
113,P044,Nephrology progress note,Nephrology,2026-05-23 11:03:00+00,"*** SYNTHETIC RECORD — FAKE PATIENT — NOT FOR CLINICAL USE ***
(copied fwd from 3/2) VS: T 37.2 HR 78 BP 148/82 RR 14 98% RA. Wt 54.5 kg. Cr 1.86. Plan: cont vanc, trough Tues; hold lisinopril; renally dose all meds; IVF if hypotensive. -- end copied block --\n** above is STALE from March admit -- today: T 38.0 HR 92 BP 126/70 RR 18, wt 52 kg. Vanc D/C'd 5/22, do NOT restart (see below).\nAKI on CKD 3b: Cr 1.98 (5/19) -> 2.41 (5/21) -> 2.65 today, eGFR 37. Rise tracks w/ vanc start 5/19; trough 5/22 was 19 (therapeutic, not supratherapeutic). No hypotension, no contrast, no new meds, UA bland, no eos, no rash, no infusion rxn. Impression: vanc-associated AKI. Vanc stopped 5/22 and pt is not a rechallenge candidate d/t CKD; isolate is vanc R anyway so nothing lost.\nK 4.0. Hgb 8.5, at baseline, no bleed. CRP trending down. Not on HD, no indication to start.\nID transitioning to daptomycin, exception form being filed today/tomorrow. Baseline CK 64 (wnl) -- recheck CK 2x/wk while on dapto, counsel re: myalgias. CG CrCl ~18 mL/min at 52 kg -- pharmacy to confirm dosing interval. Will f/u Cr off vanc; f/u in Synthetic Kidney Clinic North 1-2 wk post d/c."
114,P003,ID Consultation Note,Infectious Diseases Attending,2026-05-19 21:44:00+00,"*** SYNTHETIC RECORD — FAKE PATIENT — NOT FOR CLINICAL USE ***
ID consult (initial eval). Pt is 45M, ESRD on HD TTS at Synthetic Kidney Clinic North, admitted 5/18 d/t fever 38.9 + rigors mid-run at dialysis. Blood cx 5/18 x2 sets: S. aureus, MRSA — oxacillin R; daptomycin S, linezolid S, TMP-SMX S. Exam: R IJ tunneled cath exit site w/ ~1 cm erythema, tender, scant serous drainage. No murmur. Lungs CTA bilat, no rales; pt denies cough, sputum, dyspnea, pleurisy. CXR 5/18 w/o infiltrate or consolidation — no pulmonary source identified; this is not a lung process. Working dx: MRSA bacteremia 2/2 infected tunneled HD line. Vitals: T 37.8, HR 92, BP 128/74, RR 16, SpO2 98% RA. Lactate 1.3 — no signs of shock, not septic at present. WBC 14.0, CRP 177, Hgb 11.4, K 3.7, Cr 12.1 (eGFR 7), CK 153. Allergies: heparin (HIT, severe) — HD running heparin-free on citrate; do NOT give heparin. Recs: 1) remove tunneled line, send tip, place temp access; 2) repeat blood cx q48h to confirm clearance; 3) TTE, TEE if persistent bacteremia or new murmur; 4) abx selection w/ pharmacy after source control — will need renally dosed agent given post-HD, wt 112.8 kg; 5) f/u cx."
115,P003,Nephrology Progress Note,Nephrology Fellow,2026-05-23 18:44:00+00,"*** SYNTHETIC RECORD — FAKE PATIENT — NOT FOR CLINICAL USE ***
HD progress note (Sat run). Pt s/p HD today 3.5 h, heparin-free circuit (hx HIT, severe — heparin allergy on chart), citrate anticoag, UF 2.1 L, tolerated well; c/o mild cramping near end, resolved w/ 100 mL NS. Tunneled line pulled 5/21, tip sent (pending); temp non-tunneled L IJ in place, site clean, no ooze. Repeat blood cx 5/22: no growth to date — encouraging. Still no resp sx; denies cough/SOB, lungs clear — no lung source, not treating PNA; infection here is the line. Recent labs: WBC 14.0, CRP 177, lactate 1.3, K 3.7, Hgb 11.4, CK 153 (baseline for dapto monitoring). Plan: daptomycin 700 mg IV post-HD (~6 mg/kg, wt 112.8 kg) per ID rec; restricted-abx exception paperwork in process, target first dose after next run (Tue 5/26). Will check CK 2x/wk, hold for myalgias or rising CK. TTE pending. HD cont TTS. Pt in good spirits, ate lunch, wife at bedside, TV remote broken again. Code status: full. [copy-over from bed 12 note — NOT this pt, pls disregard]: cont linezolid for VRE peripancreatic fluid collection; IR to assess drain output Mon; mammogram due next month. [end copy-over]"
116,P040,Infectious Diseases Consult Note,ID attending,2026-05-25 06:36:00+00,"*** SYNTHETIC RECORD — FAKE PATIENT — NOT FOR CLINICAL USE ***
ID consult (initial) — requested by renal team for VRE bacteremia, abx selection.
84M, CKD 5D on HD MWF via tunneled R IJ catheter at Synthetic Kidney Clinic North. Blood cx 5/22: Enterococcus faecium, vanc R, amp R, linezolid S. Source assessment: catheter-associated bacteremia. No cough, no sputum, no pleuritic sx; CXR 5/23 w/o infiltrate; lungs CTA bilaterally. This is not a lung infection.
Vanc attempt: 5/23 infused over 2h per pharmacy protocol — ~40 min in developed flushing of face/neck/trunk w/ intense pruritus, c/w red-man; infusion held, diphenhydramine 25 IV given, resolved. Rechallenge 5/24 at slower rate (over ~4h) w/ diphenhydramine premed — flushing and pruritus recurred mid-infusion, drug stopped. Reaction recurs despite slowing the infusion; vanc cannot be used here (isolate is vanc-R regardless). Allergy table already lists vanc red man syndrome, moderate — unchanged, no update needed.
Linezolid is S, but hgb 9.6 and prefer to spare the marrow in an HD pt; requesting daptomycin 700 mg IV post-HD (approx 8 mg/kg at 89 kg).
Separate issue: urine cx 5/20 E. coli, pan-S — ceftriaxone per renal, f/u.
Reminder to unit: HIT hx (heparin, severe) — heparin-free HD only."
117,P040,Nephrology Dialysis Progress Note,Nephrology fellow,2026-05-27 03:36:00+00,"*** SYNTHETIC RECORD — FAKE PATIENT — NOT FOR CLINICAL USE ***
HD progress note — Synthetic Kidney Clinic North, midweek run.
(copied fwd from 3/2): Vitals: T 98.4, BP pre 148/82, HR 76, EDW 89.5. A/P: 1) cont heparin 1000 u prime; 2) cont lisinopril 10 daily; 3) anemia — cont epoetin; 4) renal diet reinforcement; 5) podiatry f/u.
Above block is stale — superseded: heparin d/c'd long ago d/t HIT (severe), all runs are heparin-free; lisinopril off since April d/t intradialytic hypotension. Today actuals: T 98.1, BP pre 118/64, post 102/58, HR 82, UF 2.2 L, tolerated, EDW 89.0.
Active issue: VRE bacteremia (blood cx 5/22, E. faecium, vanc R). Source = tunneled HD catheter. Denies cough/SOB; CXR neg — no lung source, we are not treating pneumonia. Vanc trial abandoned d/t red-man reaction that recurred even when the infusion was slowed w/ premedication — see ID note; vanc off the table. Daptomycin 700 mg post-HD requested, exception form pending; will give after dialysis once approved. WBC 7.4, CRP 99, lactate 1.4, CK 70 — stable, no signs of shock, not septic appearing. K 4.3, hgb 9.6.
Urine E. coli 5/20 — finishing ceftriaxone, susceptible.
Plan: 1) cont HD MWF, heparin-free; 2) dapto post-HD when approved, weekly CK; 3) ID f/u."
118,P038,Nephrology consult note,Nephrology fellow,2026-05-28 10:34:00+00,"*** SYNTHETIC RECORD — FAKE PATIENT — NOT FOR CLINICAL USE ***
78F, 110.3 kg, CKD5 not on dialysis, seen for vanc exception request this AM. NKDA per EHR allergy table. Leukocytosis and CRP up (WBC 21.0, CRP 108), lactate 1.4; no blood/urine cx sent in last 14 d per lab. Source unclear; empiric gram-positive coverage requested. Hemodynamics: after fluids she remains soft, BP 84/52 MAP 63 on repeat cuff, but no pressor-dependent shock this episode - no norepinephrine/vasopressin at any point and none running now to keep MAP >= 65. Denies chest pain; no new O2 requirement. AM labs: Cr 10.16, eGFR 11, K 4.2, Hgb 11.1. Vanc trough 14.8 mg/L. Plan fragment: continue fluid cautious given CKD5, recheck MAP q1h, send cx if feasible before next dose, pharmacy to dose/level vanc 750 mg IV q24h."
119,P038,Progress note,Internal medicine resident,2026-05-26 07:34:00+00,"*** SYNTHETIC RECORD — FAKE PATIENT — NOT FOR CLINICAL USE ***
Copy-forward: 78F w/ CKD stage 5, dialysis none, followed at Synthetic Dialysis Unit East; NKDA per EHR allergy table. Family at bedside asking about bathroom privileges; pt prefers water over juice. For current illness: febrile/inflamed labs trended, no cultures have been sent during this admission or in the prior 2 wk. Chart review for resistant organisms: I find no documented MRSA, VRE, ESBL, or CRE colonization or infection before this episode. Remote history unrelated to today: left distal radius fracture in 2019 after a fall, treated and healed, no residual deficit per old ortho note. Exam this AM: lethargic but arousable, lungs coarse bases, abdomen soft. BP later flagged low; see day-0 nephrology note for MAP/pressor details. Plan: monitor renal function/K, coordinate vanc level, reassess need for HD if uremic symptoms or refractory hyperK/acidosis develop."
120,P026,Infectious Diseases consult note,ID fellow,2026-05-25 16:07:00+00,"*** SYNTHETIC RECORD — FAKE PATIENT — NOT FOR CLINICAL USE ***
ID consult, 5/25. Pt is 51F, 98.9 kg, CKD5 pre-dialysis (tunneled R IJ catheter placed 5/19 in anticipation of HD start), admitted w/ fever 38.6 and rigors at the catheter site. Blood cx 5/23 x2/2 + S. aureus, oxacillin/cefazolin susceptible (MSSA). Source: tunneled HD catheter — exit site w/ mild erythema + scant purulence. Lungs clear bilaterally, no cough, no sputum, CXR w/o infiltrate or consolidation — bacteremia is line-related, not a pulmonary process. TTE ordered to r/o endocarditis.

Abx hx: vanc started empirically 5/23 before allergy reconciliation completed. After 2 doses developed diffuse morbilliform rash, recurrent fevers, rising eos — consistent w/ her documented severe DRESS reaction to vanc. This is not a rate-related infusion phenomenon; drug d/c'd and we will NOT rechallenge regardless of infusion slowing. Allergy table also notable for anaphylaxis to ampicillin — given high-grade PCN reaction, reluctant to use cefazolin or nafcillin despite MSSA susceptibilities w/o formal allergy evaluation.

Rec: daptomycin ~6.5 mg/kg = 650 mg IV q48h (CrCl <30, not yet on HD). Baseline CK 139 — recheck CK twice weekly. Repeat blood cx in 48h. Strong rec for catheter removal — defer to renal for access planning.

[template fragment — bed 14, NOT this pt]: continue linezolid 600 mg BID for VRE faecium; podiatry to see L foot ulcer Tues; d/c enoxaparin pending renal dose.
A/W renal."
121,P026,Nephrology progress note,Nephrology attending,2026-05-28 13:07:00+00,"*** SYNTHETIC RECORD — FAKE PATIENT — NOT FOR CLINICAL USE ***
Nephrology progress note, 5/28 (copy-forward from 5/27).
S: denies dyspnea, no chest pain, no cough. No chills this AM. Appetite poor. Urine output minimal.
O: T 37.9 HR 92 BP 128/74 RR 16 SpO2 98% RA. Wt 98.9 kg (dry wt unclear). Lungs CTA b/l, no crackles, no wheeze. R IJ tunneled cath site w/ persistent mild erythema. Trace LE edema. AV access options reviewed w/ pt last visit.
Labs: Cr 7.34 (6.9 prior), eGFR 11, K 5.4, Hgb 9.6, WBC 10.4, CRP 135, lactate 1.6, CK 139.
A/P:
1. MSSA bacteremia, source = infected tunneled HD catheter — follow-up blood cx 5/26 no growth on daptomycin. No lung involvement; chest imaging clear, so dapto is appropriate here. Agree w/ ID: daptomycin 650 mg IV q48h renally dosed. Vanc off the table d/t severe DRESS; ampicillin anaphylaxis hx makes cefazolin a hard sell despite susceptible MSSA. Will f/u CK q3d for myopathy.
2. CKD5, pre-HD: catheter now infected — plan removal/exchange; will place temp non-tunneled line for urgent HD initiation, targeting this week. Spoke w/ access surgery.
3. K 5.4 — low K diet, binder prn, recheck AM labs.
4. Anemia of CKD — Hgb 9.6, continue ESA, iron indices pending.
Pt counseled on transplant referral previously; spouse at bedside, agreeable to plan."
122,P048,Nephrology Progress Note,Nephrology Resident,2026-05-28 06:43:00+00,"*** SYNTHETIC RECORD — FAKE PATIENT — NOT FOR CLINICAL USE ***
5/28 (Thu). 89F ESRD on HD MWF (Synthetic Dialysis Unit East), admitted 5/26 w/ dysuria, suprapubic pain, T 38.6 at the unit. Urine cx 5/24: ESBL E. coli, now final — CTX R, FEP R, P/T intermediate, cipro R; ertapenem S, meropenem S. On cefepime 1 g IV q24h (post-HD on dialysis days) since 5/26 — still febrile, Tmax 38.5 overnight, ongoing suprapubic discomfort, CRP 40, WBC 7.2. No clinical improvement ~48h into FEP. Hemodynamically stable: BP 122/70, MAP ~87, no vasopressors, lactate 1.4. US: 7 mm L UVJ stone w/ moderate hydronephrosis — urology consulted, cysto + L ureteral stent planned tomorrow. Allergy: ampicillin (anaphylaxis). L forearm AVF w/ palpable thrill and bruit. Transport late twice this wk for HD — case mgmt notified. Cont sevelamer 800 TID w/ meals; PTH 688, cont cinacalcet 30. Renal diet; pt c/o bland trays, wants coffee. If no improvement after stent, will consult ID re: carbapenem."
123,P048,Hospitalist Progress Note,Hospitalist (weekend cross-cover),2026-05-30 03:43:00+00,"*** SYNTHETIC RECORD — FAKE PATIENT — NOT FOR CLINICAL USE ***
5/30 (Sat) wknd note. 89F, day 4 of cefepime for ESBL E. coli urosepsis. s/p cysto + L ureteral stent placement 5/29 — obstruction relieved, purulent urine drained, source controlled. Despite ~72-96h of FEP she is still spiking — Tmax 38.4 last night, suprapubic pain unchanged. No improvement on first-line therapy. Vitals now: BP 118/66, MAP 83, HR 88; no pressor support, no signs of shock. Not a HD day (MWF schedule); next run Mon 6/1, transport arranged and confirmed. Phos 6.2 — counseled on binder adherence, sevelamer TID w/ meals. Daughter visited; brief family meeting at bedside — remains full code, agrees w/ plan and continued HD. Renal diet, appetite fair. K 5.0, Hgb 9.1 stable. If fevers persist through the wknd, plan to broaden per susceptibilities — meropenem is restricted, ID consult placed for Mon."
124,P048,Infectious Diseases Consult Note,ID Attending,2026-06-01 00:43:00+00,"*** SYNTHETIC RECORD — FAKE PATIENT — NOT FOR CLINICAL USE ***
6/1 (Mon) ID consult, abx management. 89F, ESRD on HD MWF, ESBL E. coli UTI behind an obstructed L kidney, s/p L ureteral stent 5/29 w/ source control achieved. Persistent fevers and suprapubic pain despite 5+ days of cefepime — urine isolate FEP R, CTX R, cipro R, P/T intermediate, ertapenem S, meropenem S. Clear clinical failure of first-line therapy, well over 48h without improvement. Exam: alert, pleasant, suprapubic tenderness, L AVF bruit present. BP 124/72, MAP 89, HR 82, afebrile at the moment but Tmax 38.3 yest. Importantly she has never required vasopressors this admission — MAPs > 65 throughout without any support; lactate 1.4. Impression: sepsis without shock, source now controlled. Rec: meropenem 500 mg IV q12h, dose after HD on MWF. Restricted agent — exception form submitted today. Ertapenem susceptible but not stocked on the dialysis unit formulary. Recheck CRP in 48-72h. RN reminded re: sevelamer w/ meals; HD on for this afternoon."
125,P013,Nephrology Progress Note,Nephrology Attending,2026-05-27 15:48:00+00,"*** SYNTHETIC RECORD — FAKE PATIENT — NOT FOR CLINICAL USE ***
Nephrology f/u — 54M w/ CKD stage 4 (baseline Cr ~4.0-4.2; today Cr 4.11, eGFR 23, at baseline, no AKI) admitted o/n w/ fevers; blood cx 5/27 GPC in clusters, called as MRSA this AM. Source appears to be LLE cellulitis — warm, red, tender below knee, small abrasion from yard work last wk. CXR w/o infiltrate, lungs CTA bilat, no cough/SOB — not a pulmonary process. Lactate 1.1, no signs of shock. Started vanc per pharmacy protocol, trough in AM. NKDA.
Renal: K 5.1 — held lisinopril, low-K tray, renal diet reinforced (pt again asking for salt packets). Sevelamer 800 mg TID w/ meals cont'd (PO4 5.6 last wk). PTH 412, stable, no calcitriol change. Hgb 11.3 on epoetin q2wk. L forearm AVF w/ palpable thrill, good bruit, not yet in use. Spoke w/ pt's daughter by phone re: modality education; family meeting tentatively next wk. Ride to Tue clinic fell through — SW arranging transport.
A/P: bacteremia — ID consulted; cont vanc, watch renal fxn closely in CKD4; recheck K AM."
126,P013,Infectious Diseases Progress Note,Infectious Diseases Attending,2026-05-29 12:48:00+00,"*** SYNTHETIC RECORD — FAKE PATIENT — NOT FOR CLINICAL USE ***
ID f/u — MRSA bacteremia. Blood cx 5/27 MRSA: vanc S, dapto S, linezolid S, TMP-SMX S (oxacillin R as expected). Vanc trough 16.8 (goal 15-20), pharmacy ok w/ AUC. Afebrile x 24h, feels better. LLE cellulitis clearly improving, erythema margins receding, less tender. Denies cough, pleuritic sxs; CXR 5/28 no infiltrate, no effusion — no lung source identified; bacteremia attributed to skin/soft tissue portal. TTE ordered to r/o endocarditis. Tolerating vanc w/o any issue: no rash, no flushing or infusion reaction, Cr 4.05 unchanged from his baseline — no vanc-associated kidney injury. NKDA.
Urine cx 5/22 w/ E. faecalis — pt asymptomatic, no dysuria/frequency, likely colonization, no directed rx.
Surveillance blood cx to be drawn tomorrow to document clearance.
Plan: cont vanc short-term. If cx clears and pt remains stable, favor daptomycin 700 mg IV q48h (~7.5 mg/kg, renally dosed for CrCl <30) as the OPAT agent — q48h scheduling and no trough monitoring is a major practical advantage in CKD4. Will need baseline CK, then weekly. Anticipate 4-6 wk IV from first neg cx."
127,P013,Hospitalist Progress Note,Hospitalist Attending,2026-05-31 09:48:00+00,"*** SYNTHETIC RECORD — FAKE PATIENT — NOT FOR CLINICAL USE ***
Hospitalist day 5 — 54M w/ MRSA bacteremia 2/2 LLE cellulitis, CKD stage 4.
O/N: afebrile, Tmax 37.2, HR 78, BP 126/72, RR 14, SpO2 97% RA. Ambulating w/ PT, appetite back, tolerating renal diet (salt packet request denied again, counseled).
ID: surveillance blood cx 5/30 — no growth. CRP 256, down from 310 on admit; WBC 7.1; lactate 1.1, no signs of shock. Vanc troughs therapeutic x2; no rash, no infusion rxn, Cr 4.11 = baseline, i.e., no vanc-attributed kidney injury. Per ID, switching to daptomycin 700 mg IV q48h for d/c planning — vanc did its job, cultures cleared; switch purely for q48h renally convenient dosing and to avoid outpatient trough monitoring in advanced CKD. Restricted-abx exception form submitted this AM. CK 148 baseline — weekly CK while on dapto. Lungs clear bilat, no O2 req; infection remains non-pulmonary (skin source), TTE pending.
Renal: K 5.1 — kayexalate 15 g daily x2 more, strict K restriction; sevelamer 800 TID cont'd; PTH recheck deferred to clinic; AVF thrill/bruit intact, still unused.
Dispo: infusion center slot confirmed; transport finally arranged after grandson's car broke down (2nd reschedule). Family meeting w/ daughter re: HD vs PD pushed to next wk at her request.
Plan: d/c tomorrow if dapto approved."
128,P031,Nephrology progress note,Nephrology,2026-05-29 08:17:00+00,"*** SYNTHETIC RECORD — FAKE PATIENT — NOT FOR CLINICAL USE ***
Nephrology progress note, inpt consult svc, Synthetic Kidney Clinic North.

60M, 90.7 kg, CKD 4 (baseline Cr ~2.6-2.8), admitted 5/28 w/ E. coli pyelo; urine cx 5/28: E. coli — CTX S, TZP S, MEM S. AKI on CKD: Cr 3.51, eGFR 24. K 5.0, on tele, no ECG changes. Hgb 9.4, stable.

HD stable: BP 122/76, MAP ~91, off pressors entire stay — no vasopressor requirement this admission, no signs of shock. Lactate 0.8. Maintenance IVF only.

Source control: CT A/P 5/28 — 9 mm obstructing L proximal ureteral stone w/ mod hydronephrosis. Urology c/s; stent planned but NOT yet placed — obstruction persists, source uncontrolled as of this AM.

(copied fwd from 3/2) Vitals: T 36.8 HR 74 BP 134/78. Cr 2.71 eGFR 29. Plan: cont losartan 50 qd, NaHCO3 650 BID, recheck BMP 3 mo, f/u clinic 6 wks.
** Above block stale — losartan held since admit, Cr now 3.51; current plan per today's note, March regimen d/c'd.

Allergies per EHR: PCN (angioedema, severe), SMX-TMP (rash, moderate).
Recs: daily BMP, strict I/O, avoid NSAIDs/nephrotoxins, renal-dose all meds. Will f/u."
129,P031,Hospital medicine progress note,Hospital Medicine,2026-06-01 05:17:00+00,"*** SYNTHETIC RECORD — FAKE PATIENT — NOT FOR CLINICAL USE ***
Hospital medicine progress note (HD 4).

60M admitted for E. coli pyelonephritis w/ obstructing L ureteral stone (9 mm). O/N: afebrile, Tmax 37.2, HR 80s, BP 116-124/70-78. MAP well > 65 w/o any vasopressor support; pt has not required pressors at any point this admission, not in shock. Lactate 0.8. WBC 7.6, CRP 187 — markedly elevated, f/u.

Source: obstructed collecting system persists. Urology at bedside — stent now booked 6/3 OR; pt consented. Until procedure done, source control NOT achieved, drainage still pending.

Renal: Cr 3.51, eGFR 24, K 5.0 stable, nephrology f/u. Pharmacy flagged renal dosing for any new agents. Strict I/O, net even.

Allergies: NOT NKDA — PCN (angioedema, severe), SMX-TMP (rash). Sticker on chart.

Pt c/o L flank ache 4/10, on acetaminophen; denies dysuria, n/v. Tolerating reg diet, amb w/ PT. Wife at bedside asking re: OR timing — answered. Code status full, confirmed w/ pt.

Plan: q4h vitals, tele; stent 6/3; ID to advise re: empiric broad GNR coverage given severe PCN rxn; nephro f/u renal fn."
130,P023,Nephrology progress note,Nephrology fellow,2026-06-04 16:09:00+00,"*** SYNTHETIC RECORD — FAKE PATIENT — NOT FOR CLINICAL USE ***
Nephrology f/u — 41M CKD5 (Cr 7.14, eGFR 13), not yet on RRT. T 37.1, HR 92, RR 16, SpO2 98% RA. Denies fevers/chills, N/V; mild pruritus, nocturia x2. L forearm AVF placed 3/2026 — +thrill, bruit auscultated, maturing per recent access US. Phos remains elevated — sevelamer 800 TID w/ meals, pt admits missing midday dose on transport days; PTH 512, recounseled re: binders + low PO4/2g Na diet, dietitian f/u wkly. Missed 2 appts d/t medical transport no-shows — SW aware, brother will drive going forward. Family meeting w/ pt + sister 6/3 re: modality — pt leaning in-center HD MWF once fistula matures. WBC 14.4, CRP 106 — ID following MRSA RLE wound s/p I&D 5/31; on vanc 750 q48h, trough 19.2, PharmD dosing. Hx MRSA nares colonization (2023, s/p mupirocin decolonization) — contact precautions continue per policy. K 3.7, Hgb 11.5 on EPO. A/P: monitor for uremic s/s; coordinate HD start timing w/ access surgery; cont sevelamer/EPO; renal diet education; defer abx plan to ID."
131,P023,Infectious diseases progress note,ID attending,2026-06-06 13:09:00+00,"*** SYNTHETIC RECORD — FAKE PATIENT — NOT FOR CLINICAL USE ***
ID progress note — 41M, RLE wound swab 5/31 grew MRSA (oxacillin R; vanc S, dapto S, linezolid S, TMP-SMX S), s/p I&D. Being treated for MRSA bacteremia per admitting dx; surveillance blood cx 6/5 x2 sets no growth — repeat sets planned before decision re: line. Allergy: PCN (anaphylaxis) — beta-lactams avoided. Prior MDRO hx: +MRSA nares 2023, decolonized w/ mupirocin at that time; remains on contact precautions. On vanc 750 mg IV q48h — trough 19.2 (goal 15-20) on eGFR 13, no HD; cont same dose, recheck trough 6/9, PharmD co-managing. WBC 14.4 (down from 16.2 on admit), CRP 106 trending down; wound w/ less serous drainage, no spreading erythema; up to chair TID w/ PT. Pt asking about discharge to brother's house — transport logistics pending, SW f/u. Denies chills, rigors, dysuria. Plan: cont vanc to complete course, duration pending repeat cx + wound healing; reassess PO stepdown options given PCN allergy next wk; f/u renal fn w/ nephrology."
132,P011,Admission H&P,Internal Medicine Resident,2026-06-13 18:42:00+00,"*** SYNTHETIC RECORD — FAKE PATIENT — NOT FOR CLINICAL USE ***
69F ESRD on HD TTS at Synthetic Dialysis Unit East, sent in from dialysis today w/ rigors and T 38.9 mid-session, BP drifted to 88/54 at the unit. Denies cough, dysuria, abd pain. TDC in R IJ in place ~8 wks while AVF matures. ED: HR 112, BP 86/52 after 1L NS, gave total 30 mL/kg, repeat BP 94/60. WBC 14.8, lactate 2.6, K 5.1. Blood cx x2 drawn prior to abx. Started pip-tazo renally dosed. PMH: ESRD d/t DM2, T2DM, HTN, CAD s/p stent 2019. Remote hx C. diff colitis 2021, treated, no recurrence since. Allergies: amoxicillin (itching), codeine (nausea). NKDA otherwise. Home meds reviewed, hold metformin. A/P: sepsis likely line-related bacteremia vs other source; cont pip-tazo, trending lactate, blood cx f/u, admit stepdown. HD to resume per TTS schedule, coordinate w/ unit. Renal aware, no urine output. Will update family."
133,P011,ICU Progress Note,Intensivist,2026-06-18 15:42:00+00,"*** SYNTHETIC RECORD — FAKE PATIENT — NOT FOR CLINICAL USE ***
D5 pip-tazo, transferred to ICU o/n for worsening shock. T max 39.2. Now on norepi 0.1 mcg/kg/min, MAP 67 on pressors — MAP falls into low 50s when weaned, still requires vasopressor support to keep MAP >=65 despite adequate volume resuscitation. WBC 19.2 (up from 14.8 on admit), CRP 75, lactate 3.9 rising, K 5.2, Cr 11.37, eGFR 4, Hgb 10.4. Blood cx 6/15: Klebsiella pneumoniae, ESBL — R ceftriaxone, cefepime, ciprofloxacin; S pip-tazo, ertapenem, meropenem. Despite in-vitro susceptibility, pt clinically failing pip-tazo: >48h (now 5 days) w/ persistent fevers, rising WBC/lactate, new pressor requirement. Source: tunneled HD catheter strongly suspected, still in situ — pt declined removal again this AM, wants to 'think about it'; will re-approach w/ family this afternoon, temporary access planning deferred until decision. HD today (TTS) at unit, will run around pressors. ID at bedside, recommends meropenem 500 mg IV q12h; ASP exception form submitted. Allergies unchanged (amox itching, codeine nausea). Continue lactate q4h, cx f/u."
134,P019,ICU Transfer Note,Intensivist,2026-06-17 20:56:00+00,"*** SYNTHETIC RECORD — FAKE PATIENT — NOT FOR CLINICAL USE ***
Pt 32F w/ CKD4 (baseline Cr ~3.5, eGFR ~24, not on HD) transferred from ED w/ fever 39.4, rigors, lethargy. Triage BP 84/50, HR 128, RR 26, SpO2 94% RA. Labs: WBC 18.5, CRP 251, lactate 5.0, Cr 3.67, K 3.6, Hgb 8.9. NKDA.

Given 30 mL/kg LR (~1.7 L) w/ no improvement — repeat MAP 52. Norepi started at 0.05, now 0.1 mcg/kg/min; MAPs 56-63 despite fluids, i.e. cannot hold MAP >=65 off pressors. Blood cx x2 drawn (pending). Urine cx from 6/9: E. coli, susceptible to CTX/PTZ/MEM — unclear if same syndrome. CXR no consolidation. Denies chest pain, denies dysuria currently.

Empiric broad abx started; added vanc given +MRSA nares swab 2024 (prior admission) and fever w/o clear source. Plan: cont norepi titrate MAP >=65, recheck lactate, f/u cx 48h, echo if no improvement. Strict I/O. Renal consulted for AKI on CKD + vanc dosing."
135,P019,Nephrology Consult Note,Nephrology,2026-06-18 17:56:00+00,"*** SYNTHETIC RECORD — FAKE PATIENT — NOT FOR CLINICAL USE ***
Consulted for AKI on CKD4 + abx dosing. 32F, 57.4 kg, never dialyzed, no HD planned at this time.

(copied fwd from 3/2): BP 128/74, HR 82, afebrile 36.7. Cr 3.1, eGFR 28. Plan: cont outpatient CKD mgmt, home HCTZ, renal US if worsening, f/u clinic 3 mo.

NB above copied block is stale, retained for baseline context only — today: febrile 39.1, on norepi 0.12 mcg/kg/min, MAP 58; pressors still required to keep MAP >=65 despite adequate fluid resuscitation. Cr now 3.67, eGFR 24 — c/w AKI on CKD in sepsis. K 3.6, Hgb 8.9. UA sent.

Recs: home diuretic held (supersedes copied plan — pt NPO and pressor-dependent), strict I/O, daily BMP, avoid NSAIDs/contrast. Agree w/ vanc 750 mg IV q48h, renally adjusted; check random level before 3rd dose, pharmacy to f/u. Hx MRSA nares colonization (2024) supports empiric MRSA coverage; de-escalate once cultures finalize. No signs of shock resolution yet — will reassess renal function once off pressors."
136,P024,Dialysis treatment note,Nephrology NP,2026-06-19 09:50:00+00,"*** SYNTHETIC RECORD — FAKE PATIENT — NOT FOR CLINICAL USE ***
Synthetic Dialysis Unit East — Fri HD run (MWF schedule). 68F, 102.6 kg, CKD 5D. Allergies: penicillin (angioedema, severe), vancomycin (flushing, mild). Pt arrived febrile, T 38.2 after Tmax 38.6 overnight; c/o chills earlier, denies CP/SOB. BP 128/74 pre-HD (MAP ~92), HR 88, RR 16 — hemodynamically stable, no vasopressor support, lactate 1.5. Blood cx 6/17: 1 of 2 sets + Klebsiella pneumoniae, flagged ESBL by micro; 2nd set no growth. Empiric cefepime started 6/18 after ID discussion; pip-tazo avoided given PCN reaction hx. Dialyzing via R IJ tunneled cath — scant serous drainage at exit site, no erythema; L FA AVF w/ palpable thrill/bruit but immature, access surgeon est 4-6 wks, so TDC remains sole access for now. Run 3.5h (shortened 15 min d/t late transport, ride issues again — SW aware), UF 2.0 L, 2K bath (K 5.1), no cramps. Sevelamer 800 TID w/ meals — admits missing lunch dose; PTH 682 last draw, cont cinacalcet 30 mg. Renal diet 2 g Na reinforced; daughter bringing outside food, counseled. Hgb 11.0, cont ESA. Plan: cont cefepime post-HD, temp curve, ID f/u."
137,P024,Infectious Diseases consult (follow-up),ID attending,2026-06-23 06:50:00+00,"*** SYNTHETIC RECORD — FAKE PATIENT — NOT FOR CLINICAL USE ***
ID f/u 6/23. 68F ESRD on HD (MWF, Synthetic Dialysis Unit East) w/ Klebsiella pneumoniae (ESBL) bacteremia from 6/17 blood cx (1/2 sets positive; other set no growth). Now day 5 of cefepime: persistent fevers (Tmax 38.7 overnight), WBC 11.2, CRP up to 175 and climbing — clinically not improving, i.e. failure of >48h first-line therapy. Final susceptibilities: cefepime R, ceftriaxone R, ciprofloxacin R; pip-tazo S but unusable d/t severe PCN allergy (angioedema); ertapenem S; meropenem S. Hemodynamics reassuring: BP 122/70, MAP ~87 off any pressors, lactate 1.5, alert x4 — no signs of shock at present, not septic-appearing this AM. Source: R IJ tunneled HD catheter presumed source given timing and exit-site drainage; remains in place. Family meeting yesterday w/ pt, daughter, nephrology — pt declining catheter removal for now; AVF ~4 wks from cannulation per access surgeon; IR exchange over guidewire discussed but not yet scheduled. Source control therefore still pending. Exam: no murmur, no back pain, lungs clear. Recommend meropenem 500 mg IV q24h (administer after HD on dialysis days) — restricted abx exception form submitted. Also: continue sevelamer, renal diet; K 5.1 acceptable on 2K bath; transport delays persist, Mon run shortened; will re-examine at unit Wed."
138,P029,Admission H&P,ED Attending,2026-06-21 13:34:00+00,"*** SYNTHETIC RECORD — FAKE PATIENT — NOT FOR CLINICAL USE ***
81M, ESRD on HD TTS @ Synthetic Kidney Clinic North, p/w fever 38.9 + rigors during today's HD session. Denies cough, sputum production, SOB, pleuritic pain, dysuria. No sick contacts. Ate breakfast, normal BM this AM (irrelevant but asked).

Exam: tunneled R IJ HD cath w/ exit-site erythema + scant crusting, no purulence, no tunnel tenderness. Lungs CTA b/l, no rales/rhonchi. Heart RRR. CXR: no infiltrate, no effusion — no pneumonia.

Vitals: T 38.9 (at HD unit), HR 102, BP 118/62, RR 18, SpO2 96% RA. Lactate 1.1. No signs of shock, not septic on arrival; awake, joking w/ staff.

Allergies: Vancomycin — anaphylaxis; Latex — contact dermatitis, mild. NO vanc.

Blood cx x2 drawn pre-abx; lab called: gram-pos cocci in clusters. Given vanc anaphylaxis hx, started daptomycin 750 mg IV post-HD empirically. Labs: WBC 14.3, CRP 242, K 4.1, Cr 10.7/eGFR 4 (baseline, HD-dependent), Hgb 10.0.

Plan: admit, ID consult, hold tunneled cath use pending ID eval for removal, cont HD TTS, dapto after each session."
139,P029,Progress Note,Nephrology Fellow,2026-06-23 10:34:00+00,"*** SYNTHETIC RECORD — FAKE PATIENT — NOT FOR CLINICAL USE ***
Nephrology progress note — 81M, HD TTS.

(copied fwd from 3/2) Vitals: T 36.7, BP pre-HD 142/78, HR 70, Wt 70.4 kg. EDW 69.5 kg. Plan: cont EPO 10,000 u q wk, iron per protocol, renvela w/ meals, recheck PTH next mo.
^^ stale block pulled in by template — disregard; today's data + plan below supersede it.

Today: T 37.9, BP 126/64 pre-HD, HR 88, Wt 67.9 kg. EDW now 67.5 kg (stepped down over past 2 mo). EPO held during active infection; renvela cont.

Blood cx 6/21 speciated: Staph aureus, methicillin-susceptible (MSSA). Sens: oxacillin S, cefazolin S, vanc S. Pt is NOT on vanc and has not received a single dose this admission — anaphylaxis to vanc on his allergy list. Tolerating dapto 750 mg IV post-HD since 6/21, no myalgias, no rash.

Source looks like the tunneled cath (exit-site erythema on admit) — line was pulled yesterday (6/22) per ID. Not a lung process: no cough or sputum, CXR 6/21 clear, lungs CTA today. Surveillance blood cx ordered for tomorrow (6/24). Cont HD TTS w/ dapto post-session. K 4.1, Hgb 10.0."
140,P029,ID Follow-up Note,ID Attending,2026-06-26 07:34:00+00,"*** SYNTHETIC RECORD — FAKE PATIENT — NOT FOR CLINICAL USE ***
ID f/u — 81M w/ MSSA bacteremia, HD-dependent (TTS).

Cx update: 6/21 blood cx → S. aureus (MSSA): oxacillin S, cefazolin S, vanc S. Surveillance blood cx 6/24: no growth to final — bacteremia cleared within ~72h on daptomycin.

To be explicit for the pharmacy form: pt has never received vancomycin this admission — EHR lists vanc anaphylaxis, so it was avoided from the start. There is no vanc failure here and no vanc-attributed AKI, rash, or infusion reaction to report; dapto is an allergy-driven choice, not salvage after vanc. Never on vanc, so nothing to fail.

Source: tunneled HD catheter (exit-site erythema 6/21); line pulled 6/22, tip sent, result pending. Infection is NOT pulmonary — no pneumonia: no cough, sputum, or hypoxia at any point, CXR 6/21 w/o infiltrate, lungs CTA today.

Exam: afebrile 36.9, HR 78, BP 132/70. Comfortable, ambulating to chair, appetite back, asking when grandkids can visit. Denies myalgias; CK 203 — acceptable baseline, will trend. Labs: WBC 14.3 (will refollow), CRP 242 (recheck to confirm downtrend), K 4.1, Hgb 10.0, lactate 1.1.

Plan: daptomycin 750 mg IV post-HD (TTS @ Synthetic Kidney Clinic North) x 14 days from first neg cx (6/24), i.e. through ~7/8. Weekly CK + CBC. TEE ordered to r/o endocarditis. Restricted-abx exception form submitted today (6/26) to formalize continuation."
141,P014,Nephrology consult note,Nephrology attending,2026-06-29 05:32:00+00,"*** SYNTHETIC RECORD — FAKE PATIENT — NOT FOR CLINICAL USE ***
Seen for abx dosing. 60F, 81.8 kg, CKD 3b, no dialysis. Allergies: penicillin (hives/rash, moderate); otherwise NKDA. Working dx: MRSA bacteremia 6/20, attributed to central line/line source; line removal/source control discussed w/ primary team. No c/o cough, sputum, or pleuritic pain; team is treating bacteremia/line source, not pneumonia or another lung source. Urine cx 6/23 E. coli susceptible to ceftriaxone/pip-tazo/meropenem; no urinary symptoms on rounds. Reviewed vanc course: no documented persistent positive blood cx >=72h on therapeutic levels, no clinical worsening attributed to vanc, and no vanc-attributed AKI, rash, or infusion reaction; no infusion issue reported that was managed just by slowing the rate. Today: T 37.8, HR 92, BP 118/64, MAP ~82, RR 16, SpO2 97% RA. Labs: Cr 2.28, eGFR 39, WBC 13.8, CRP 132, K 4.4, Hgb 8.2, CK 173, lactate 1.5. Plan fragment: dose daptomycin per renal function if approved; monitor CK/renal panel; f/u cx. [copy-forward artifact - bed 14, not this pt]: s/p liver transplant, draw tacrolimus 0600."
142,P043,Progress Note,Nephrology Resident,2026-06-30 05:52:00+00,"*** SYNTHETIC RECORD — FAKE PATIENT — NOT FOR CLINICAL USE ***
Renal 4B progress note — 83F w/ CKD 3b (baseline Cr ~2.1-2.3) admitted w/ fever, dysuria. Overnight T 38.6, WBC up to 22.9, CRP 44. Vitals this AM: T 38.4, HR 104, BP 86/54 (MAP ~62), RR 22, SpO2 94% RA. Awake, mentating well, UOP ~0.6 mL/kg/h. Lactate 0.8. Gave 500 mL NS bolus, BP still soft on recheck but perfusing fine; no pressors required at this time, will continue q1h vitals, repeat lactate PM, low threshold to escalate if MAP drifts lower. (copy-fwd: denies CP/SOB, no cough.)

Cx update: urine 6/28 E. coli — S to ceftriaxone, pip-tazo, meropenem. Urine 6/21 E. faecalis — amp S, vanc S. Blood cx 6/26 no growth to date. Chart allergy: amoxicillin → hives (moderate).

Hx notable for MRSA colonization — nares swab + in 2024 per outside records, flagged on admission screen. Given fever + leukocytosis + soft BPs and prior MRSA status, discussed w/ ID, plan to start empiric vanc 1 g IV q24h renally dosed, trough before 4th dose, exception form submitted. De-escalate per cx.

Other: cont sevelamer 800 mg w/ meals; PTH 412 (6/12), f/u OP. Renal diet, fluid restr 1.5 L. CT abdo delayed again (porter shortage), rebooked this PM. Family meeting w/ daughter re GOC Fri. Hgb 9.1 stable, no tx. K 4.9."
143,P050,Nephrology progress note,Nephrology attending,2026-06-27 06:08:00+00,"*** SYNTHETIC RECORD — FAKE PATIENT — NOT FOR CLINICAL USE ***
Synthetic Renal Ward 4B. 78M, ESKD on HD MWF, wt 99.5 kg. Seen at bedside; pt c/o low-grade fevers x2d and redness at L IJ tunneled catheter exit site. No HD today (interdialytic day); last session Fri uneventful, UF 2.1 L, pre-HD K 3.7. Vitals: T 38.1, HR 92, BP 131/78 (MAP ~96), RR 18, SpO2 97% RA. Hemodynamically stable, warm and well perfused, no vasopressor support needed, no signs of shock. Exit site w/ scant purulence; catheter remains in place and in use — NOT removed. Access surgery consulted re: removal/exchange; pt undecided, wants to talk w/ family first. R forearm AVF w/ strong bruit/thrill but not yet mature for cannulation. Renal diet, ate ~50% breakfast, dietitian f/u. Sevelamer 800 mg w/ meals — pt admits missing doses, counseled. PTH pending. Hgb 10.3, stable. Allergies per chart: amox (itching), vanc (red man). Plan: temp checks, access team to re-eval Mon, family discussion re: catheter."
144,P050,Nursing note,"RN, Renal Ward 4B",2026-06-29 03:08:00+00,"*** SYNTHETIC RECORD — FAKE PATIENT — NOT FOR CLINICAL USE ***
4B nursing note. 78M, HD MWF, dialyzed today via L IJ tunneled cath (AVF not ready for sticks). Transport late — pt arrived 45 min after scheduled start d/t ambulance delay; run shortened to 3.5h, UF 1.8 L, tolerated well. T 37.9 pre-HD, 37.6 post. BP 126/72–134/80 through the run, MAPs 80s–90s, no pressor support, no dizziness or cramping. Exit-site dressing changed this shift; small amt purulent drainage noted, site photographed, provider aware. Catheter still in place — pt verbalizes he does not want it pulled yet, states 'it's my lifeline'; nephrology aware of his wishes. Family meeting held at bedside w/ daughter and SW re: discharge disposition and future access plan; daughter asking about AVF timeline. Renal diet dinner tray delivered; pt requested extra salt packets, educated. Sevelamer 800 mg given w/ dinner. K 3.7 today. Denies CP/SOB. Continue temp checks q4h."
145,P050,Nephrology progress note,Nephrology fellow,2026-07-01 00:08:00+00,"*** SYNTHETIC RECORD — FAKE PATIENT — NOT FOR CLINICAL USE ***
Wed HD day, 4B. 78M ESKD, HD MWF. Overnight temps to 38.4. Labs: WBC 11.3, CRP 75, lactate 1.8, Cr 12.24, eGFR 5 (dialysis-dependent), K 3.7. HD on schedule today via tunneled catheter, UF per usual. No cultures have been sent so far this admission — blood cx drawn today from catheter hub and peripheral stick, results pending. Hemodynamics: BP 129/76, HR 88, MAP mid-90s off any vasoactive agents; warm, well perfused; does not meet shock physiology. Source: infected tunneled HD catheter remains in situ — removal/exchange still pending; pt again hesitant this AM, access surgery to see him today; until the line comes out the source is not controlled. Discussed w/ attending. Restricted-antibiotic exception form submitted for meropenem 500 mg IV q24h, renally adjusted for HD, to be given post-dialysis; vanc red-man reaction limits gram-positive options. Other: continue sevelamer 800 mg TID w/ meals; PTH 512 resulted, continue cinacalcet; renal diet; f/u cx."
146,P018,Nephrology Progress Note,Nephrology Attending,2026-06-30 06:57:00+00,"*** SYNTHETIC RECORD — FAKE PATIENT — NOT FOR CLINICAL USE ***
47F CKD5D on CAPD (4 exch/day) p/w dysuria, suprapubic pressure, cloudy urine x 3-4 d, mild R flank ache. Denies fever at home, denies cough, sputum, SOB, pleuritic pain. PD effluent clear, no abd pain, exit site clean — no peritonitis picture. Also c/o chronic R knee ache, unchanged for yrs, ambulates w/o assist. Vitals: T 37.9, HR 92, BP 128/76, RR 16, SpO2 98% RA. Not septic, no signs of shock. Labs: Cr 12.65 (baseline), eGFR 7, WBC 8.3, CRP 87, K 5.0, Hgb 11.4 (baseline, on EPO), CK 247, lactate 0.9. Urine cx 6/26: E. faecium (VRE) — vanc R, amp R, linezolid S, dapto R per panel. Allergy: PCN (angioedema, severe) per EHR table; no other drug allergies. Assessment: symptomatic VRE UTI, ?early pyelo. Source is urinary — lungs clear on exam, CXR w/o infiltrate, no pulmonary process suspected. Vanc not an option (organism R); pt has never received vanc — no vanc failure, no vanc rxn (no AKI/rash/infusion rxn) anywhere in record. ID consulted for abx selection. Cont CAPD exchanges, encourage PO fluids, f/u urine cx after tx started."
147,P018,Infectious Diseases Consult Note,Infectious Diseases Physician,2026-07-04 03:57:00+00,"*** SYNTHETIC RECORD — FAKE PATIENT — NOT FOR CLINICAL USE ***
ID consulted for mgmt of VRE UTI in 47F ESRD on CAPD, severe PCN allergy (angioedema). PMH: HTN, DM; remote L distal radius fx s/p ORIF 2019, fully healed, no residual limitation. HPI: urinary sx x ~1 wk per nephrology note, copy-forward: denies cough/SOB, PD effluent clear. Exam: T 37.2, HR 88, BP 122/72, RR 15, SpO2 98% RA; lungs CTA b/l, mild R CVA tenderness, suprapubic tenderness. WBC 8.3, CRP 87, lactate 0.9, Hgb 11.4, CK 247. Not septic. Urine cx 6/26: E. faecium (VRE): vanc R, amp R, linezolid S, dapto R — confirmatory MIC sent to reference lab. Assessment: VRE UTI/pyelo; infection is urinary tract, no pneumonia, no pulmonary source (CXR 6/30 clear). Pt vanc-naïve this illness and historically; no vanc-associated AKI, no rash, no infusion reaction — no vanc failure and no vanc intolerance; vanc simply has no activity vs this isolate. Linezolid active but relative contraindication given baseline Hgb 11.4 on EPO and anticipated course — marrow suppression risk. Plan: daptomycin 550 mg IV q24h (~7 mg/kg high-dose), exception form submitted 7/5; weekly CK (baseline 247); repeat urine cx 48-72h into therapy; cont CAPD; nephrology f/u."
148,P010,Nephrology progress note,Nephrology fellow,2026-07-08 09:08:00+00,"*** SYNTHETIC RECORD — FAKE PATIENT — NOT FOR CLINICAL USE ***
Nephrology f/u: 88M, 67.1 kg, CKD5 (eGFR 11, Cr 7.76), not yet on RRT — admitted 7/6 w/ fevers and erythema at Rt IJ tunneled cath exit site; exit site swab back today +MRSA. Vanc started per pharmacy protocol, trough pending. T 38.2, HR 88, BP 112/64, RR 16, SpO2 96% RA. Lungs clear b/l, portable CXR this AM w/o infiltrate or consolidation — no pulm source; fever attributed to the line. Lactate 1.8, no signs of shock. WBC 9.9. K 3.9 — holding K binder. Hgb 10.9 stable, cont ESA. PO4 6.1 — sevelamer 800 mg TID w/ meals restarted; renal diet, pt c/o food 'bland', daughter bringing soup. PTH pending, last 640, cont calcitriol 0.25. L forearm AVF w/ palpable thrill/+bruit but immature (~6 wks out), not ready to cannulate; HD initiation on hold while bacteremic. Transport again an issue — missed 2 HD education sessions d/t ride no-shows, son will drive going forward. Line removal discussed w/ access surgery. Urine cx pending. NKDA."
149,P010,Infectious Diseases progress note,ID attending,2026-07-10 06:08:00+00,"*** SYNTHETIC RECORD — FAKE PATIENT — NOT FOR CLINICAL USE ***
ID f/u: 88M w/ MRSA bacteremia, source Rt IJ tunneled HD cath (exit site swab 7/8 +MRSA; vanc S, dapto S, linezolid S, TMP-SMX S). Line pulled 7/9, tip sent. Despite vanc dosed to troughs 18-20 over the past several days, pt still febrile (Tmax 38.6 overnight) and remains bacteremic now >72h into therapy; CRP climbing 112→207 — microbiologic and clinical failure on vanc, not a level problem. Recommend switch to daptomycin 450 mg IV q48h (~6.5 mg/kg; CrCl <30, no HD yet). Baseline CK 178 — hold statin, trend CK 2x/wk. Urine cx 7/9 +E. faecalis (amp S) — no urinary sx, chronic foley d/c'd 7/9, likely colonization, no tx. Repeat CXR neg; lungs not the source of this bacteremia. TTE today to r/o endocarditis, pending. Pt denies chills this AM, appetite poor. Family meeting w/ daughter re: goals — remains full code, wants HD when access matures. Will f/u repeat cx on dapto."
150,P032,Nephrology Progress Note,Nephrology attending,2026-07-12 14:18:00+00,"*** SYNTHETIC RECORD — FAKE PATIENT — NOT FOR CLINICAL USE ***
Nephrology progress note — Synthetic Kidney Clinic North (inpatient HD service).
Pt 55F, 49.6 kg, ESKD s/p 4 yrs HD MWF, admitted 07/11 w/ fevers and malaise. Blood cx drawn 07/12 now + S. aureus, oxacillin R — MRSA bacteremia. Pharmacy started vanc 750 mg IV post-HD; trough this AM 10.3, recheck after Fri session. Notable hx: MRSA nares screen + in 2024 during prior admission — per pt swabbed routinely since; remote VRE urine 2023 also on problem list. Allergies per chart: PCN (anaphylaxis), heparin (HIT) — HD continues heparin-free.
Vitals: T 38.2, HR 98, RR 18, SpO2 96% RA.
Labs: Cr 12.42, eGFR 4, K 5.8, WBC 14.7, CRP 44, Hgb 10.7.
Access: L forearm AVF w/ palpable thrill and bruit, no erythema or drainage. Pt missed Mon HD d/t transport no-show per unit log, rescheduled — daughter arranging new ride company. K 5.8: low-K diet re-counseled w/ renal dietitian, pt admits snacking on bananas. Sevelamer 800 mg TID w/ meals, misses lunch dose 'because pills too big' — offered powder. PTH 682 last month, cont cinacalcet. Family meeting w/ daughter Wed re: goals + transport plan. ID consulted."
151,P032,ID Consult Note,Infectious diseases fellow,2026-07-13 11:18:00+00,"*** SYNTHETIC RECORD — FAKE PATIENT — NOT FOR CLINICAL USE ***
ID consult — f/u.
55F on HD (MWF), 49.6 kg, w/ MRSA bacteremia: blood cx 07/12 S. aureus, oxacillin R. Panel: vanc intermediate, daptomycin S, linezolid S, TMP-SMX S. Currently vanc 750 mg post-HD x2 doses, trough 10.3. Hx of MRSA nares colonization (+ screen 2024). Exam: L AVF bruit/thrill intact, no overlying cellulitis; poor dentition — dental eval requested as possible source. Pt c/o fatigue and chills at home, denies dysuria, denies back pain.
Urine cx 07/06 E. faecalis (amp S) and 07/09 E. coli (CTX S, pip-tazo S) — pt asymptomatic, likely colonization/specimen mix; no abx for urine at this time, will f/u.
Given vanc reported intermediate, discussed daptomycin 6 mg/kg post-HD w/ attending — decision pending; in meantime do NOT interrupt therapy, continue vanc per nephrology and exception form. TTE ordered to r/o endocarditis; repeat blood cx q48h to document clearance. PCN anaphylaxis on file — moot for MRSA. HIT hx — keep heparin-free for HD. Pt likes the night-shift nurse, brought in crossword books. Will f/u cx and echo."
152,P037,Admission H&P,Internal Medicine Resident,2026-07-11 04:55:00+00,"*** SYNTHETIC RECORD — FAKE PATIENT — NOT FOR CLINICAL USE ***
ADMIT H&P (7/11) - 68F, 110.8 kg, p/w fevers + rigors x2d. hx CKD4 (baseline Cr ~3.0, eGFR mid-20s, no dialysis), HTN, T2DM. PICC LUE placed ~3wk ago for IV abx course for diabetic foot ulcer (completed 7/8); site now erythematous, tender w/ mild scant drainage. OP blood cx 7/9 no growth; repeat cx x2 drawn here, pending. Allergies: ampicillin (anaphylaxis), iodinated contrast (rxn unknown). T 38.7 HR 101 BP 118/70 RR 20 SpO2 96% RA. Lungs CTA b/l, no crackles/wheeze; portable CXR: no infiltrate, no consolidation. Denies cough, sputum, pleuritic pain. No signs of shock; lactate 1.6; not septic at present. WBC 12.1, Cr 3.04, K 4.3, Hgb 9.9. Assessment: likely PICC line infection/bacteremia; no pulmonary source identified, not treating pneumonia. Plan: vanc started per pharmacy, renally dosed, trough before 4th dose; f/u cx; monitor renal fn daily. Copy-forward: pt ambulates w/ walker, falls precautions on, BMs regular on senna PRN, full code. Daughter at bedside, agrees w/ plan."
153,P037,Nephrology Consult Note,Nephrology Attending,2026-07-14 01:55:00+00,"*** SYNTHETIC RECORD — FAKE PATIENT — NOT FOR CLINICAL USE ***
NEPH CONSULT (7/14) - AKI on CKD4. Cr 3.04 (7/11) -> 3.92 today, rise coincides w/ vanc started 7/11; trough 7/14 = 26.4 (goal 15-20, supratherapeutic). No contrast given (pt allergic per chart anyway), no NSAIDs, no hypotension, UOP adequate. UA sent, pending. Impression: vanc-associated nephrotoxicity on CKD4 baseline. Cx update: blood 7/13 + MRSA (oxacillin R; vanc S, dapto S, linezolid S, TMP-SMX S). Pt still febrile T 38.3 despite ~3d vanc w/ adequate-to-high troughs; WBC up 12.1 -> 13.6. Discussed w/ ID - clinical worsening on vanc, plus nephrotoxicity; agent change reasonable, dapto would need renal-appropriate dosing + CK monitoring. Recs: avoid further nephrotoxins/contrast, daily Cr, hold metformin, HD not indicated now - K 4.2, no uremic sx. [copy-forward artifact from bed 12 note - NOT THIS PT: 54M s/p renal txp, on linezolid, tac trough pending, f/u bx results Fri - disregard, template bleed.] Will follow."
154,P037,Infectious Diseases Progress Note,ID Attending,2026-07-15 22:55:00+00,"*** SYNTHETIC RECORD — FAKE PATIENT — NOT FOR CLINICAL USE ***
ID NOTE (7/16) - MRSA bacteremia (blood cx 7/13). Source: PICC line; line removed 7/14. No pulmonary source: CXR clear, lungs clear, no cough/sputum - not treating pneumonia; no other source on exam. Vanc course complicated by (1) intolerance/toxicity: vanc-attributed AKI, Cr 3.0 baseline -> 4.49, eGFR 21, troughs supratherapeutic, nephrology concur; (2) clinical failure: persistent fevers (T 38.4 overnight) + rising WBC now 14.8, CRP 43 after ~5d vanc at therapeutic levels. Lactate 1.4, HD stable, no signs of shock, not septic-appearing this AM. Given vanc failure + vanc AKI in CKD4, recommend daptomycin 700 mg IV q24h (~6 mg/kg on 110.8 kg); isolate dapto S. Baseline CK 160 - will check CK 2x/wk, counsel re: myalgias, pt on no statin. Repeat blood cx drawn this AM, results pending; TTE ordered to r/o endocarditis. Pharm to verify dosing/interval for renal fn. Allergies unchanged: ampicillin (anaphylaxis), iodinated contrast. Pt + daughter updated, agree. Anticipated ~14d tx from first negative cx; ID to f/u duration."
155,P026,ID consult note,Infectious Diseases physician,2026-07-24 18:07:00+00,"*** SYNTHETIC RECORD — FAKE PATIENT — NOT FOR CLINICAL USE ***
ID consult — 51F, 98.9 kg, CKD5 (Cr 6.75, eGFR 13, not on HD; nephrology f/u re access planning). Blood cx 7/17: S. aureus (MRSA) — oxacillin R; vanc S, dapto S, linezolid S, TMP-SMX S. Source: LLE cellulitis w/ weeping bullae, slowly improving on exam; no central line in place. CXR clear — no infiltrate, no consolidation; denies cough or dyspnea. This is not a pulmonary process. Vitals: T 37.6, HR 90, BP 122/74, MAP ~90, RR 16. Lactate 1.7; no signs of shock, not septic, no pressors. WBC 12.6, CRP 164, Hgb 10.6, K 4.7, CK 65 (baseline for dapto monitoring). Allergies per EHR banner. Vanc never started this admission — avoided upfront d/t advanced CKD w/o dialysis clearance; thus no vanc failure (no persistent bacteremia on vanc — never on it) and no vanc-attributed AKI, rash, or infusion rxn. Plan: dapto 700 mg IV q48h (~7 mg/kg, renally dosed), repeat blood cx x2, TTE to r/o endocarditis, CK q week, f/u cx results. [carried-over template fragment — bed 14, NOT this pt, disregard: on linezolid for VRE bacteremia, s/p kidney tx 2021, tacro trough pending.]"
156,P001,Hemodialysis unit note,Nephrology NP,2026-07-21 05:17:00+00,"*** SYNTHETIC RECORD — FAKE PATIENT — NOT FOR CLINICAL USE ***
Tues 7/21 HD unit. 68M, ESRD (HTN/DM2), HD MWF via R IJ tunneled cath, here a day early d/t fever 38.6 at home + rigors during Mon session. Blood cx drawn 7/20 (cath + periph) — lab called this AM: gram-pos cocci in clusters, both sets. Denies cough, SOB, pleuritic pain, dysuria, diarrhea. Lungs CTA b/l, no rales/wheeze. Exit site w/ mild erythema + scant crusting, no fluctuance. T 38.2, HR 96, BP 148/82 pre, RR 16. Not septic-appearing, no signs of shock, lactate 1.4 from this AM. Ran 3.5h, UF 2.0, EDW 78.2. K 5.0, Hgb 8.8. Allg: ampicillin (anaphylaxis). Nephrology + ID paged, empiric abx deferred to ID pending speciation. Pt ambulatory, wife at bedside, TV remote missing again. D/c home w/ strict ED precautions, f/u Wed HD."
157,P001,Infectious Diseases consult note,ID attending,2026-07-23 02:17:00+00,"*** SYNTHETIC RECORD — FAKE PATIENT — NOT FOR CLINICAL USE ***
ID consult 7/23 — thanks for the referral. 68M, 78.2 kg, CKD 5D on HD MWF via R IJ TDC, admitted 7/21 w/ rigors; blood cx 7/20 both sets growing S. aureus (MRSA): oxacillin R; daptomycin S, linezolid S, TMP-SMX S. Source assessment: this is line bacteremia — exit-site erythema, no alternate focus. Specifically NOT a lung process: denies any cough or sputum, lungs clear, CXR 7/22 w/o infiltrate; no pneumonia. Exam: T 37.4, VSS, no murmur, no stigmata, no neuro deficits. TTE ordered to r/o endocarditis; repeat blood cx drawn today. Recs: 1) pull TDC at Fri HD 7/24, temp access as needed; 2) daptomycin 550 mg IV after each HD session (MWF) — post-HD renal dosing; ampicillin anaphylaxis hx limits beta-lactam options; 3) baseline CK 113 — recheck weekly, hold for myalgias/rise; 4) repeat cx q48h until documented clearance; 5) duration 2-4 wks if uncomplicated catheter bacteremia vs longer if TTE positive — finalize after imaging. WBC 10.1, CRP 218 (marked but trend expected down w/ source control). Will f/u daily."
158,P001,Nephrology progress note,Nephrology fellow,2026-07-26 23:17:00+00,"*** SYNTHETIC RECORD — FAKE PATIENT — NOT FOR CLINICAL USE ***
Mon 7/27 nephrology f/u (copyfwd 7/25 — intervals updated). 68M, CKD 5D, HD MWF. Inpt HD today 3.5h, UF 2.1, EDW 78.2, tolerated, no cramps. F/ID for MRSA bacteremia (blood cx 7/20) on dapto 550 mg IV post-HD — restricted-abx exception form submitted this AM, pharmacy co-sign pending. TDC pulled 7/24 at HD; temp non-tunneled R femoral working well, site clean. Afebrile x48h, feeling better, eating. No respiratory complaints — denies cough, lungs CTA, imaging w/o pneumonia; source was the line, not pulmonary. TTE 7/25 prelim: no vegetation, final read pending. Repeat cx pending. VSS. K 5.0, Hgb 8.8 (stable, on ESA), CK 113. Allg: ampicillin — anaphylaxis. Code status full (re-confirmed w/ pt + wife). PT f/u, ambulating halls. [copy-forward leftover — bed 14, different pt, not this patient]: POD2 hip ORIF, on linezolid x VRE wound, wound vac, f/u plastics. Plan: continue HD MWF, dapto post-HD per ID, weekly CK, f/u repeat cx + TTE final."
159,P004,Nephrology consult note,Nephrology fellow,2026-07-29 00:15:00+00,"*** SYNTHETIC RECORD — FAKE PATIENT — NOT FOR CLINICAL USE ***
NEPHROLOGY CONSULT (initial eval). 67M, 111.5 kg, CKD 4 (baseline Cr ~3.2, eGFR ~24) admitted 7/27 w/ fever, dysuria, R flank pain c/o x3d. Urine cx 7/28: Enterococcus faecalis (amp S, vanco S); blood cx 7/26 no growth to date. WBC 8.8, CRP 213, lactate 0.9. HD stable: BP 126/74, MAP 91, on no vasoactive support; no shock this admission, maintenance IVF only, UOP maintained, not oliguric. Allergies: ampicillin (anaphylaxis), cephalexin (mild rash) — beta-lactam options limited; ID consulted for abx selection. Hx: +MRSA nares swab 2024 (colonization only, no active infxn); pt also reports +VRE rectal screen during 2023 rehab stay — contact precautions in place. Assessment: E. faecalis UTI w/ systemic inflammatory response, no pressor requirement; AKI on CKD, likely prerenal/infxn-related, no HD indication at present (K 4.1, Hgb 10.0, no uremic sx). Plan: rec BMP qAM, avoid NSAIDs/contrast, abx per ID (restricted-agent exception form in progress), f/u cx."
160,P004,Progress note,Internal medicine resident,2026-07-31 21:15:00+00,"*** SYNTHETIC RECORD — FAKE PATIENT — NOT FOR CLINICAL USE ***
PROGRESS NOTE — day 6, 67M, E. faecalis UTI, CKD 4.
(copied fwd from 7/29): Vitals Tmax 38.4 HR 104 BP 118/70 MAP 86. A/P: urine cx pending final ID + susc; hold targeted abx pending ID rec; recheck lactate AM.
-- Above block STALE, superseded: afebrile since 7/30, T 36.8, HR 80, BP 129/77, MAP 94 on RA. Cx finalized 7/28 (E. faecalis, amp S/vanco S) per micro. Lactate 0.9, WBC 8.8, CRP 213 downtrending. Pt has not required vasopressors at any point this admission; MAPs >70 throughout on maintenance IVF, now strictly PO. No hypotension, HD never indicated (renal f/u). Denies chills/rigors today, voiding w/o dysuria, appetite ok.
Allergies (re-verified w/ pt this AM): ampicillin — anaphylaxis; cephalexin — mild rash.
Plan: vanco 1000 mg IV q48h — restricted-abx exception form submitted today 8/1; pharmacy to check trough pre-3rd dose, adjust per renal (eGFR 24, Cr 3.45, 111.5 kg). Contact precautions cont'd (hx MRSA nares + 2024 / VRE screen + 2023). Recheck CRP 8/3."
161,P044,Hospitalist Admission Note,hospitalist,2026-07-31 10:03:00+00,"*** SYNTHETIC RECORD — FAKE PATIENT — NOT FOR CLINICAL USE ***
74M w/ CKD 3b (baseline Cr ~2.2-2.4, eGFR mid-30s) p/w fever and worsening R great toe ulcer, now w/ surrounding cellulitis. T 38.4, HR 96, BP 128/72, RR 16, SpO2 96% RA. Denies cough, sputum, pleuritic pain, SOB. CXR: no infiltrate, no consolidation — no pulmonary source identified; syndrome localized to the foot. Blood cx drawn in ED flagged GPC in clusters, later speciated Staph aureus, oxacillin R (MRSA); vanc/dapto/linezolid/TMP-SMX all S. Wound source = infected toe ulcer, likely bacteremia secondary to it. Started vanc, pharmacy dosing per renal function. WBC 17.2, CRP elevated, lactate 1.1, K 4.8, Cr 2.41 ~ baseline — no AKI on arrival, no signs of shock, not septic appearing. Allergy list reviewed: codeine (mild nausea) — unchanged. CKD stuff: takes sevelamer 800 TID w/ meals (admits missing lunch dose), PTH pending, on renal diet though wife brings crackers. Not on dialysis; no access needed at present. Daughter drove him in — usual transport, she handles all appointments. Will f/u cx and trend renal fn."
162,P044,Nephrology Progress Note,nephrology,2026-08-02 07:03:00+00,"*** SYNTHETIC RECORD — FAKE PATIENT — NOT FOR CLINICAL USE ***
Nephrology f/u. 74M, CKD 3b, admitted 7/31 w/ MRSA bacteremia from infected R toe ulcer. Lungs not involved — CXR clear, no cough, source remains the foot. Doing well on vanc: afebrile x ~36h, WBC down 17.2 -> 14.0, CRP 166, foot erythema receding. Vanc trough 17.1, therapeutic. Renal fn stable: Cr 2.38, eGFR 36, K 4.8 — Cr unchanged from baseline, no vanc-attributed AKI. No rash, no flushing/infusion rxn, tolerating infusions fine. F/u blood cx pending. ID at bedside discussing switch to dapto 350 mg q24h — rationale is renal-sparing precaution in CKD 3b plus once-daily dosing w/o TDM if he goes to OPAT, NOT vanc failure; vanc S, levels good, clinically improving. Baseline CK 109 (nl) — will trend weekly on dapto. Hgb 8.5, iron sat 18%, discussed EPO at next clinic visit. Sevelamer adherence counseled again; PTH 218, holding calcitriol for now. Renal diet teaching done — pt still asking for deli sandwiches. Family meeting w/ daughter yesterday: reviewed CKD trajectory, transport plan for OPAT (daughter can drive T/Th, needs van service otherwise), remains full code. Copy-forward: allergy codeine (mild nausea). Pt agreeable to plan."
163,P039,Nephrology progress note,nephrology fellow,2026-08-06 01:34:00+00,"*** SYNTHETIC RECORD — FAKE PATIENT — NOT FOR CLINICAL USE ***
Nephrology f/u — 68F, CKD5 (Cr 10.76, eGFR 10, pre-dialysis, access planning ongoing), admitted 8/1 w/ fever. Blood cx 8/1 grew S. aureus, oxacillin + cefazolin susceptible (MSSA); cx 7/31 no growth. Urine cx 7/29 E. coli, pan-susceptible. On cefazolin, renally dosed, ID following. Overnight T 37.9, feeling better. Vitals 8/6: BP 124/76 (MAP 92), HR 88, RR 16, RA sat 97%. Hemodynamically stable, no vasoactive support at any point this admission, not in shock. Lactate 1.1.

(copied fwd from 3/2): Vitals: BP 118/70, HR 72, T 36.6. Plan: cont sevelamer 800 TID, recheck BMP 1 mo, f/u w/ access surgery.
^ above is stale from March clinic — superseded by vitals/plan here; sevelamer held this admission.

Med hx review: no known prior colonization or infxn w/ MRSA, VRE, ESBL or CRE per chart review. NKDA on file.

Plan: cont cefazolin, repeat blood cx to document clearance, K 4.1 — hold HD initiation for now, monitor uremic sx."
164,P039,Hospitalist progress note,internal medicine resident,2026-08-07 22:34:00+00,"*** SYNTHETIC RECORD — FAKE PATIENT — NOT FOR CLINICAL USE ***
AM med note — 68F, hosp day 7 for MSSA bacteremia. New Tmax 38.6 overnight w/ rigors. Two sets blood cx redrawn this AM, results pending. Denies chills now, no dyspnea, no CP. Vitals: BP 122/78 (MAP 93), HR 96, RR 18. No pressors, mentating at baseline. WBC 7.1, CRP 166, lactate 1.1. Renal: CKD5, eGFR 10, Cr 10.76, still pre-HD — renally dose all abx.

Given recurrent fever w/ recent S. aureus bacteremia and cx pending, plan to start empiric vanc 1000 mg IV q48h for MRSA coverage until new cx finalize (restricted — exception form submitted, ID aware). No hx MDRO per chart review. NKDA. Will de-escalate once cx back; recheck levels given renal fxn, f/u nephrology."
