id,patient_id,test_code,test_name,value,unit,collected_at
1,P015,EGFR,eGFR (CKD-EPI 2021),6,mL/min/1.73m2,2026-01-15 04:47:59.678613+00
2,P015,CREAT,Creatinine,12.39,mg/dL,2026-01-15 04:47:59.678613+00
3,P015,EGFR,eGFR (CKD-EPI 2021),8,mL/min/1.73m2,2026-01-19 01:19:56.61309+00
4,P015,CREAT,Creatinine,11.44,mg/dL,2026-01-19 01:19:56.61309+00
5,P015,EGFR,eGFR (CKD-EPI 2021),7,mL/min/1.73m2,2026-01-23 00:43:09.966713+00
6,P015,CREAT,Creatinine,12.48,mg/dL,2026-01-23 00:43:09.966713+00
7,P015,EGFR,eGFR (CKD-EPI 2021),8,mL/min/1.73m2,2026-01-30 06:42:24.717972+00
8,P015,CREAT,Creatinine,11.13,mg/dL,2026-01-30 06:42:24.717972+00
9,P015,K,Potassium,4.5,mmol/L,2026-01-31 01:21:08.508598+00
10,P015,WBC,White blood cell count,13.9,10^9/L,2026-01-31 04:17:36.005924+00
11,P015,CRP,C-reactive protein,144,mg/L,2026-01-31 04:17:36.005924+00
12,P015,HGB,Hemoglobin,11.6,g/dL,2026-01-31 06:11:47.863026+00
13,P015,LACTATE,Lactate,1,mmol/L,2026-01-31 15:21:29.693897+00
14,P015,EGFR,eGFR (CKD-EPI 2021),9,mL/min/1.73m2,2026-01-31 23:13:51.656833+00
15,P015,CREAT,Creatinine,9.73,mg/dL,2026-01-31 23:13:51.656833+00
16,P015,WBC,White blood cell count,7.6,10^9/L,2026-02-01 06:12:43.81355+00
17,P015,CRP,C-reactive protein,80,mg/L,2026-02-01 06:12:43.81355+00
18,P035,VANC_TROUGH,Vancomycin trough,13,mg/L,2025-12-03 21:20:50.998254+00
19,P035,EGFR,eGFR (CKD-EPI 2021),46,mL/min/1.73m2,2026-01-11 11:06:02.569323+00
20,P035,CREAT,Creatinine,1.97,mg/dL,2026-01-11 11:06:02.569323+00
21,P035,EGFR,eGFR (CKD-EPI 2021),46,mL/min/1.73m2,2026-01-16 09:57:59.303143+00
22,P035,CREAT,Creatinine,1.99,mg/dL,2026-01-16 09:57:59.303143+00
23,P035,EGFR,eGFR (CKD-EPI 2021),48,mL/min/1.73m2,2026-01-19 11:20:32.915239+00
24,P035,CREAT,Creatinine,1.86,mg/dL,2026-01-19 11:20:32.915239+00
25,P035,EGFR,eGFR (CKD-EPI 2021),47,mL/min/1.73m2,2026-01-26 08:09:03.986497+00
26,P035,CREAT,Creatinine,1.89,mg/dL,2026-01-26 08:09:03.986497+00
27,P035,EGFR,eGFR (CKD-EPI 2021),46,mL/min/1.73m2,2026-01-27 07:05:19.481453+00
28,P035,CREAT,Creatinine,1.92,mg/dL,2026-01-27 07:05:19.481453+00
29,P035,WBC,White blood cell count,14.1,10^9/L,2026-01-28 14:18:29.818907+00
30,P035,CRP,C-reactive protein,44,mg/L,2026-01-28 14:18:29.818907+00
31,P035,WBC,White blood cell count,13.6,10^9/L,2026-01-29 10:23:07.275286+00
32,P035,CRP,C-reactive protein,60,mg/L,2026-01-29 10:23:07.275286+00
33,P035,HGB,Hemoglobin,8.5,g/dL,2026-01-31 10:19:22.416959+00
34,P035,K,Potassium,3.9,mmol/L,2026-01-31 11:02:44.851746+00
35,P035,EGFR,eGFR (CKD-EPI 2021),48,mL/min/1.73m2,2026-02-01 08:44:42.557865+00
36,P035,CREAT,Creatinine,2,mg/dL,2026-02-01 08:44:42.557865+00
37,P035,LACTATE,Lactate,0.9,mmol/L,2026-02-01 11:40:51.828377+00
38,P036,VANC_TROUGH,Vancomycin trough,18.7,mg/L,2025-12-07 16:02:06.473997+00
39,P036,EGFR,eGFR (CKD-EPI 2021),52,mL/min/1.73m2,2026-01-16 10:29:45.132296+00
40,P036,CREAT,Creatinine,1.79,mg/dL,2026-01-16 10:29:45.132296+00
41,P036,EGFR,eGFR (CKD-EPI 2021),51,mL/min/1.73m2,2026-01-17 11:40:16.330524+00
42,P036,CREAT,Creatinine,1.84,mg/dL,2026-01-17 11:40:16.330524+00
43,P036,EGFR,eGFR (CKD-EPI 2021),51,mL/min/1.73m2,2026-01-20 14:59:12.989842+00
44,P036,CREAT,Creatinine,1.68,mg/dL,2026-01-20 14:59:12.989842+00
45,P036,EGFR,eGFR (CKD-EPI 2021),50,mL/min/1.73m2,2026-01-21 14:23:55.363661+00
46,P036,CREAT,Creatinine,1.8,mg/dL,2026-01-21 14:23:55.363661+00
47,P036,EGFR,eGFR (CKD-EPI 2021),51,mL/min/1.73m2,2026-01-30 09:59:44.733321+00
48,P036,CREAT,Creatinine,1.79,mg/dL,2026-01-30 09:59:44.733321+00
49,P036,HGB,Hemoglobin,9.6,g/dL,2026-02-01 12:13:55.790835+00
50,P036,WBC,White blood cell count,9.2,10^9/L,2026-02-01 12:53:40.039801+00
51,P036,CRP,C-reactive protein,41,mg/L,2026-02-01 12:53:40.039801+00
52,P036,K,Potassium,5.8,mmol/L,2026-02-01 14:12:35.120961+00
53,P036,EGFR,eGFR (CKD-EPI 2021),50,mL/min/1.73m2,2026-02-02 09:11:53.793956+00
54,P036,CREAT,Creatinine,1.68,mg/dL,2026-02-02 09:11:53.793956+00
55,P036,LACTATE,Lactate,1.7,mmol/L,2026-02-02 11:05:47.079647+00
56,P036,WBC,White blood cell count,9.9,10^9/L,2026-02-02 11:47:40.132042+00
57,P036,CRP,C-reactive protein,224,mg/L,2026-02-02 11:47:40.132042+00
58,P034,VANC_TROUGH,Vancomycin trough,14.8,mg/L,2026-01-08 13:21:56.255008+00
59,P034,EGFR,eGFR (CKD-EPI 2021),7,mL/min/1.73m2,2026-01-17 13:44:25.139155+00
60,P034,CREAT,Creatinine,12.72,mg/dL,2026-01-17 13:44:25.139155+00
61,P034,EGFR,eGFR (CKD-EPI 2021),8,mL/min/1.73m2,2026-02-04 15:50:39.537029+00
62,P034,CREAT,Creatinine,11.03,mg/dL,2026-02-04 15:50:39.537029+00
63,P034,WBC,White blood cell count,16.2,10^9/L,2026-02-05 13:02:28.978998+00
64,P034,CRP,C-reactive protein,178,mg/L,2026-02-05 13:02:28.978998+00
65,P034,K,Potassium,4.6,mmol/L,2026-02-06 14:13:30.938546+00
66,P034,EGFR,eGFR (CKD-EPI 2021),6,mL/min/1.73m2,2026-02-06 15:42:14.028018+00
67,P034,CREAT,Creatinine,13.03,mg/dL,2026-02-06 15:42:14.028018+00
68,P034,WBC,White blood cell count,16.7,10^9/L,2026-02-06 16:55:08.960995+00
69,P034,CRP,C-reactive protein,216,mg/L,2026-02-06 16:55:08.960995+00
70,P034,HGB,Hemoglobin,9.4,g/dL,2026-02-06 17:24:12.664009+00
71,P034,LACTATE,Lactate,4.9,mmol/L,2026-02-07 00:02:50.344178+00
72,P034,EGFR,eGFR (CKD-EPI 2021),7,mL/min/1.73m2,2026-02-07 14:57:01.596367+00
73,P034,CREAT,Creatinine,9.94,mg/dL,2026-02-07 14:57:01.596367+00
74,P045,EGFR,eGFR (CKD-EPI 2021),7,mL/min/1.73m2,2026-01-23 04:22:41.926906+00
75,P045,CREAT,Creatinine,12.35,mg/dL,2026-01-23 04:22:41.926906+00
76,P045,EGFR,eGFR (CKD-EPI 2021),5,mL/min/1.73m2,2026-01-23 22:50:06.501315+00
77,P045,CREAT,Creatinine,12.66,mg/dL,2026-01-23 22:50:06.501315+00
78,P045,EGFR,eGFR (CKD-EPI 2021),4,mL/min/1.73m2,2026-01-25 00:32:32.099033+00
79,P045,CREAT,Creatinine,11.88,mg/dL,2026-01-25 00:32:32.099033+00
80,P045,EGFR,eGFR (CKD-EPI 2021),4,mL/min/1.73m2,2026-02-04 06:10:36.603184+00
81,P045,CREAT,Creatinine,12.02,mg/dL,2026-02-04 06:10:36.603184+00
82,P045,WBC,White blood cell count,14.4,10^9/L,2026-02-07 05:08:36.70887+00
83,P045,CRP,C-reactive protein,68,mg/L,2026-02-07 05:08:36.70887+00
84,P045,WBC,White blood cell count,23.7,10^9/L,2026-02-08 06:19:39.595746+00
85,P045,CRP,C-reactive protein,62,mg/L,2026-02-08 06:19:39.595746+00
86,P045,K,Potassium,3.9,mmol/L,2026-02-09 02:53:04.831451+00
87,P045,HGB,Hemoglobin,8.7,g/dL,2026-02-09 05:11:15.610859+00
88,P045,LACTATE,Lactate,4.2,mmol/L,2026-02-09 19:01:56.770829+00
89,P045,EGFR,eGFR (CKD-EPI 2021),5,mL/min/1.73m2,2026-02-09 23:17:14.727512+00
90,P045,CREAT,Creatinine,13.12,mg/dL,2026-02-09 23:17:14.727512+00
91,P042,EGFR,eGFR (CKD-EPI 2021),9,mL/min/1.73m2,2026-01-28 04:34:53.349048+00
92,P042,CREAT,Creatinine,10.36,mg/dL,2026-01-28 04:34:53.349048+00
93,P042,EGFR,eGFR (CKD-EPI 2021),5,mL/min/1.73m2,2026-02-09 00:57:40.262759+00
94,P042,CREAT,Creatinine,12.39,mg/dL,2026-02-09 00:57:40.262759+00
95,P042,EGFR,eGFR (CKD-EPI 2021),5,mL/min/1.73m2,2026-02-10 05:45:33.681729+00
96,P042,CREAT,Creatinine,12.45,mg/dL,2026-02-10 05:45:33.681729+00
97,P042,WBC,White blood cell count,8.6,10^9/L,2026-02-12 03:54:55.733317+00
98,P042,CRP,C-reactive protein,203,mg/L,2026-02-12 03:54:55.733317+00
99,P042,EGFR,eGFR (CKD-EPI 2021),8,mL/min/1.73m2,2026-02-12 05:53:36.063394+00
100,P042,CREAT,Creatinine,10.79,mg/dL,2026-02-12 05:53:36.063394+00
101,P042,WBC,White blood cell count,14.5,10^9/L,2026-02-13 05:32:23.000449+00
102,P042,CRP,C-reactive protein,160,mg/L,2026-02-13 05:32:23.000449+00
103,P042,HGB,Hemoglobin,9.2,g/dL,2026-02-14 01:56:10.199003+00
104,P042,K,Potassium,4.4,mmol/L,2026-02-14 09:01:50.193388+00
105,P042,LACTATE,Lactate,0.9,mmol/L,2026-02-14 20:28:52.67322+00
106,P042,CK,Creatine kinase,98,U/L,2026-02-14 20:31:42.957114+00
107,P042,EGFR,eGFR (CKD-EPI 2021),6,mL/min/1.73m2,2026-02-14 23:26:53.552663+00
108,P042,CREAT,Creatinine,12.31,mg/dL,2026-02-14 23:26:53.552663+00
109,P033,EGFR,eGFR (CKD-EPI 2021),9,mL/min/1.73m2,2026-02-09 06:40:52.194443+00
110,P033,CREAT,Creatinine,9.69,mg/dL,2026-02-09 06:40:52.194443+00
111,P033,EGFR,eGFR (CKD-EPI 2021),8,mL/min/1.73m2,2026-02-12 08:56:10.237717+00
112,P033,CREAT,Creatinine,11.37,mg/dL,2026-02-12 08:56:10.237717+00
113,P033,EGFR,eGFR (CKD-EPI 2021),9,mL/min/1.73m2,2026-02-16 07:33:55.40581+00
114,P033,CREAT,Creatinine,9.6,mg/dL,2026-02-16 07:33:55.40581+00
115,P033,WBC,White blood cell count,12.4,10^9/L,2026-02-16 08:10:37.729555+00
116,P033,CRP,C-reactive protein,226,mg/L,2026-02-16 08:10:37.729555+00
117,P033,K,Potassium,5.7,mmol/L,2026-02-18 04:34:50.129385+00
118,P033,EGFR,eGFR (CKD-EPI 2021),9,mL/min/1.73m2,2026-02-18 05:20:21.35811+00
119,P033,CREAT,Creatinine,9.57,mg/dL,2026-02-18 05:20:21.35811+00
120,P033,WBC,White blood cell count,9.4,10^9/L,2026-02-18 06:42:04.504252+00
121,P033,CRP,C-reactive protein,164,mg/L,2026-02-18 06:42:04.504252+00
122,P033,HGB,Hemoglobin,10.2,g/dL,2026-02-18 07:14:27.882388+00
123,P033,LACTATE,Lactate,1.3,mmol/L,2026-02-18 15:21:00.931548+00
124,P033,CK,Creatine kinase,181,U/L,2026-02-18 23:17:02.35025+00
125,P033,EGFR,eGFR (CKD-EPI 2021),8,mL/min/1.73m2,2026-02-19 03:51:22.558941+00
126,P033,CREAT,Creatinine,11.05,mg/dL,2026-02-19 03:51:22.558941+00
127,P020,VANC_TROUGH,Vancomycin trough,14.1,mg/L,2026-01-13 15:24:29.424059+00
128,P020,EGFR,eGFR (CKD-EPI 2021),11,mL/min/1.73m2,2026-02-02 06:14:18.63373+00
129,P020,CREAT,Creatinine,7.97,mg/dL,2026-02-02 06:14:18.63373+00
130,P020,EGFR,eGFR (CKD-EPI 2021),12,mL/min/1.73m2,2026-02-07 04:47:33.308492+00
131,P020,CREAT,Creatinine,7.23,mg/dL,2026-02-07 04:47:33.308492+00
132,P020,EGFR,eGFR (CKD-EPI 2021),12,mL/min/1.73m2,2026-02-08 03:26:54.157522+00
133,P020,CREAT,Creatinine,7.56,mg/dL,2026-02-08 03:26:54.157522+00
134,P020,EGFR,eGFR (CKD-EPI 2021),13,mL/min/1.73m2,2026-02-13 07:03:12.65622+00
135,P020,CREAT,Creatinine,6.91,mg/dL,2026-02-13 07:03:12.65622+00
136,P020,EGFR,eGFR (CKD-EPI 2021),11,mL/min/1.73m2,2026-02-17 02:54:52.146834+00
137,P020,CREAT,Creatinine,8.08,mg/dL,2026-02-17 02:54:52.146834+00
138,P020,WBC,White blood cell count,17,10^9/L,2026-02-17 07:34:59.945127+00
139,P020,CRP,C-reactive protein,196,mg/L,2026-02-17 07:34:59.945127+00
140,P020,HGB,Hemoglobin,11.6,g/dL,2026-02-20 06:52:31.591465+00
141,P020,K,Potassium,4.6,mmol/L,2026-02-20 08:14:56.387466+00
142,P020,LACTATE,Lactate,1.7,mmol/L,2026-02-20 19:51:11.38343+00
143,P020,WBC,White blood cell count,22.4,10^9/L,2026-02-21 03:33:47.694323+00
144,P020,CRP,C-reactive protein,169,mg/L,2026-02-21 03:33:47.694323+00
145,P020,EGFR,eGFR (CKD-EPI 2021),11,mL/min/1.73m2,2026-02-21 04:01:13.321459+00
146,P020,CREAT,Creatinine,7.2,mg/dL,2026-02-21 04:01:13.321459+00
147,P012,EGFR,eGFR (CKD-EPI 2021),27,mL/min/1.73m2,2026-02-03 06:43:35.06806+00
148,P012,CREAT,Creatinine,3.4,mg/dL,2026-02-03 06:43:35.06806+00
149,P012,EGFR,eGFR (CKD-EPI 2021),28,mL/min/1.73m2,2026-02-07 07:10:02.277107+00
150,P012,CREAT,Creatinine,3.31,mg/dL,2026-02-07 07:10:02.277107+00
151,P012,EGFR,eGFR (CKD-EPI 2021),26,mL/min/1.73m2,2026-02-14 07:07:17.001059+00
152,P012,CREAT,Creatinine,3.4,mg/dL,2026-02-14 07:07:17.001059+00
153,P012,EGFR,eGFR (CKD-EPI 2021),27,mL/min/1.73m2,2026-02-21 04:18:28.481743+00
154,P012,CREAT,Creatinine,3.26,mg/dL,2026-02-21 04:18:28.481743+00
155,P012,WBC,White blood cell count,13.2,10^9/L,2026-02-21 08:13:49.932258+00
156,P012,CRP,C-reactive protein,228,mg/L,2026-02-21 08:13:49.932258+00
157,P012,HGB,Hemoglobin,10.6,g/dL,2026-02-23 04:17:13.496866+00
158,P012,K,Potassium,5.4,mmol/L,2026-02-23 04:34:58.066512+00
159,P012,WBC,White blood cell count,10.1,10^9/L,2026-02-23 07:08:29.513527+00
160,P012,CRP,C-reactive protein,228,mg/L,2026-02-23 07:08:29.513527+00
161,P012,LACTATE,Lactate,1.3,mmol/L,2026-02-24 01:17:16.952286+00
162,P012,EGFR,eGFR (CKD-EPI 2021),26,mL/min/1.73m2,2026-02-24 05:34:07.720054+00
163,P012,CREAT,Creatinine,3.88,mg/dL,2026-02-24 05:34:07.720054+00
164,P041,EGFR,eGFR (CKD-EPI 2021),6,mL/min/1.73m2,2026-02-05 13:05:12.045462+00
165,P041,CREAT,Creatinine,12.25,mg/dL,2026-02-05 13:05:12.045462+00
166,P041,EGFR,eGFR (CKD-EPI 2021),4,mL/min/1.73m2,2026-02-06 14:12:08.342213+00
167,P041,CREAT,Creatinine,12.9,mg/dL,2026-02-06 14:12:08.342213+00
168,P041,EGFR,eGFR (CKD-EPI 2021),6,mL/min/1.73m2,2026-02-12 18:23:53.945239+00
169,P041,CREAT,Creatinine,12.73,mg/dL,2026-02-12 18:23:53.945239+00
170,P041,EGFR,eGFR (CKD-EPI 2021),7,mL/min/1.73m2,2026-02-14 10:59:07.31887+00
171,P041,CREAT,Creatinine,13.04,mg/dL,2026-02-14 10:59:07.31887+00
172,P041,EGFR,eGFR (CKD-EPI 2021),5,mL/min/1.73m2,2026-02-20 12:01:55.978989+00
173,P041,CREAT,Creatinine,12.33,mg/dL,2026-02-20 12:01:55.978989+00
174,P041,WBC,White blood cell count,23.4,10^9/L,2026-02-21 19:35:30.724997+00
175,P041,CRP,C-reactive protein,120,mg/L,2026-02-21 19:35:30.724997+00
176,P041,WBC,White blood cell count,23.7,10^9/L,2026-02-23 17:29:35.793697+00
177,P041,CRP,C-reactive protein,249,mg/L,2026-02-23 17:29:35.793697+00
178,P041,HGB,Hemoglobin,10,g/dL,2026-02-24 17:49:55.188547+00
179,P041,K,Potassium,4.1,mmol/L,2026-02-24 18:26:09.562475+00
180,P041,LACTATE,Lactate,1.6,mmol/L,2026-02-25 12:57:00.998578+00
181,P041,EGFR,eGFR (CKD-EPI 2021),6,mL/min/1.73m2,2026-02-25 17:28:53.403407+00
182,P041,CREAT,Creatinine,12.93,mg/dL,2026-02-25 17:28:53.403407+00
183,P017,EGFR,eGFR (CKD-EPI 2021),6,mL/min/1.73m2,2026-02-06 23:51:24.237163+00
184,P017,CREAT,Creatinine,11.99,mg/dL,2026-02-06 23:51:24.237163+00
185,P017,EGFR,eGFR (CKD-EPI 2021),8,mL/min/1.73m2,2026-02-17 04:42:03.554531+00
186,P017,CREAT,Creatinine,10.91,mg/dL,2026-02-17 04:42:03.554531+00
187,P017,EGFR,eGFR (CKD-EPI 2021),9,mL/min/1.73m2,2026-02-20 03:14:00.587857+00
188,P017,CREAT,Creatinine,9.87,mg/dL,2026-02-20 03:14:00.587857+00
189,P017,EGFR,eGFR (CKD-EPI 2021),7,mL/min/1.73m2,2026-02-21 01:57:53.642206+00
190,P017,CREAT,Creatinine,13.1,mg/dL,2026-02-21 01:57:53.642206+00
191,P017,WBC,White blood cell count,11.5,10^9/L,2026-02-23 02:27:12.418511+00
192,P017,CRP,C-reactive protein,101,mg/L,2026-02-23 02:27:12.418511+00
193,P017,WBC,White blood cell count,11.4,10^9/L,2026-02-25 03:10:30.180654+00
194,P017,CRP,C-reactive protein,252,mg/L,2026-02-25 03:10:30.180654+00
195,P017,HGB,Hemoglobin,10.5,g/dL,2026-02-25 04:47:51.189618+00
196,P017,K,Potassium,4,mmol/L,2026-02-25 06:49:54.325148+00
197,P017,LACTATE,Lactate,1.3,mmol/L,2026-02-25 21:33:06.859012+00
198,P017,EGFR,eGFR (CKD-EPI 2021),9,mL/min/1.73m2,2026-02-26 00:50:30.101039+00
199,P017,CREAT,Creatinine,11.33,mg/dL,2026-02-26 00:50:30.101039+00
200,P021,EGFR,eGFR (CKD-EPI 2021),18,mL/min/1.73m2,2026-02-06 05:50:21.901021+00
201,P021,CREAT,Creatinine,4.89,mg/dL,2026-02-06 05:50:21.901021+00
202,P021,EGFR,eGFR (CKD-EPI 2021),21,mL/min/1.73m2,2026-02-14 10:00:04.561381+00
203,P021,CREAT,Creatinine,4.31,mg/dL,2026-02-14 10:00:04.561381+00
204,P021,EGFR,eGFR (CKD-EPI 2021),17,mL/min/1.73m2,2026-02-25 10:10:12.122666+00
205,P021,CREAT,Creatinine,5.51,mg/dL,2026-02-25 10:10:12.122666+00
206,P021,WBC,White blood cell count,22.6,10^9/L,2026-02-25 10:25:24.077269+00
207,P021,CRP,C-reactive protein,223,mg/L,2026-02-25 10:25:24.077269+00
208,P021,WBC,White blood cell count,15.8,10^9/L,2026-02-26 09:33:26.203249+00
209,P021,CRP,C-reactive protein,162,mg/L,2026-02-26 09:33:26.203249+00
210,P021,HGB,Hemoglobin,11,g/dL,2026-02-26 09:36:12.350206+00
211,P021,K,Potassium,3.7,mmol/L,2026-02-26 14:29:17.344771+00
212,P021,LACTATE,Lactate,7.5,mmol/L,2026-02-27 06:42:10.128517+00
213,P021,EGFR,eGFR (CKD-EPI 2021),18,mL/min/1.73m2,2026-02-27 09:05:49.561891+00
214,P021,CREAT,Creatinine,4.96,mg/dL,2026-02-27 09:05:49.561891+00
215,P013,EGFR,eGFR (CKD-EPI 2021),24,mL/min/1.73m2,2026-02-10 10:51:33.170617+00
216,P013,CREAT,Creatinine,3.57,mg/dL,2026-02-10 10:51:33.170617+00
217,P013,EGFR,eGFR (CKD-EPI 2021),21,mL/min/1.73m2,2026-02-23 15:27:03.533593+00
218,P013,CREAT,Creatinine,4.27,mg/dL,2026-02-23 15:27:03.533593+00
219,P013,WBC,White blood cell count,13.2,10^9/L,2026-02-23 15:31:43.013446+00
220,P013,CRP,C-reactive protein,256,mg/L,2026-02-23 15:31:43.013446+00
221,P013,EGFR,eGFR (CKD-EPI 2021),21,mL/min/1.73m2,2026-02-24 15:55:21.284458+00
222,P013,CREAT,Creatinine,4.46,mg/dL,2026-02-24 15:55:21.284458+00
223,P013,K,Potassium,5.3,mmol/L,2026-02-26 13:08:58.810434+00
224,P013,HGB,Hemoglobin,10.5,g/dL,2026-02-26 19:27:14.352648+00
225,P013,CK,Creatine kinase,240,U/L,2026-02-26 21:39:13.558889+00
226,P013,WBC,White blood cell count,8,10^9/L,2026-02-27 14:23:33.410524+00
227,P013,CRP,C-reactive protein,129,mg/L,2026-02-27 14:23:33.410524+00
228,P013,LACTATE,Lactate,1.7,mmol/L,2026-02-27 17:21:51.691135+00
229,P013,EGFR,eGFR (CKD-EPI 2021),21,mL/min/1.73m2,2026-02-27 17:34:05.966484+00
230,P013,CREAT,Creatinine,4.49,mg/dL,2026-02-27 17:34:05.966484+00
231,P005,EGFR,eGFR (CKD-EPI 2021),9,mL/min/1.73m2,2026-02-06 17:19:49.458955+00
232,P005,CREAT,Creatinine,9.56,mg/dL,2026-02-06 17:19:49.458955+00
233,P005,EGFR,eGFR (CKD-EPI 2021),8,mL/min/1.73m2,2026-02-14 16:20:51.047942+00
234,P005,CREAT,Creatinine,11.55,mg/dL,2026-02-14 16:20:51.047942+00
235,P005,WBC,White blood cell count,9.2,10^9/L,2026-02-23 17:41:54.661293+00
236,P005,CRP,C-reactive protein,251,mg/L,2026-02-23 17:41:54.661293+00
237,P005,K,Potassium,3.9,mmol/L,2026-02-26 14:24:58.603746+00
238,P005,EGFR,eGFR (CKD-EPI 2021),6,mL/min/1.73m2,2026-02-26 17:32:34.00775+00
239,P005,CREAT,Creatinine,12.61,mg/dL,2026-02-26 17:32:34.00775+00
240,P005,HGB,Hemoglobin,11.6,g/dL,2026-02-26 20:07:02.536962+00
241,P005,CK,Creatine kinase,90,U/L,2026-02-27 14:25:28.156503+00
242,P005,WBC,White blood cell count,13.3,10^9/L,2026-02-27 14:46:27.613997+00
243,P005,CRP,C-reactive protein,128,mg/L,2026-02-27 14:46:27.613997+00
244,P005,EGFR,eGFR (CKD-EPI 2021),8,mL/min/1.73m2,2026-02-27 15:29:15.19845+00
245,P005,CREAT,Creatinine,12.2,mg/dL,2026-02-27 15:29:15.19845+00
246,P005,LACTATE,Lactate,0.9,mmol/L,2026-02-27 18:37:15.916902+00
247,P047,EGFR,eGFR (CKD-EPI 2021),50,mL/min/1.73m2,2026-02-14 01:07:05.678808+00
248,P047,CREAT,Creatinine,1.87,mg/dL,2026-02-14 01:07:05.678808+00
249,P047,EGFR,eGFR (CKD-EPI 2021),51,mL/min/1.73m2,2026-02-15 04:15:03.596852+00
250,P047,CREAT,Creatinine,1.81,mg/dL,2026-02-15 04:15:03.596852+00
251,P047,EGFR,eGFR (CKD-EPI 2021),52,mL/min/1.73m2,2026-02-17 02:47:22.152506+00
252,P047,CREAT,Creatinine,1.7,mg/dL,2026-02-17 02:47:22.152506+00
253,P047,EGFR,eGFR (CKD-EPI 2021),52,mL/min/1.73m2,2026-02-19 01:59:42.902724+00
254,P047,CREAT,Creatinine,1.77,mg/dL,2026-02-19 01:59:42.902724+00
255,P047,EGFR,eGFR (CKD-EPI 2021),52,mL/min/1.73m2,2026-02-20 02:24:06.750807+00
256,P047,CREAT,Creatinine,1.72,mg/dL,2026-02-20 02:24:06.750807+00
257,P047,WBC,White blood cell count,11.6,10^9/L,2026-02-26 06:40:49.874596+00
258,P047,CRP,C-reactive protein,55,mg/L,2026-02-26 06:40:49.874596+00
259,P047,HGB,Hemoglobin,8.9,g/dL,2026-02-27 23:54:34.435553+00
260,P047,K,Potassium,4.9,mmol/L,2026-02-28 06:48:56.191632+00
261,P047,LACTATE,Lactate,0.8,mmol/L,2026-02-28 23:09:32.579855+00
262,P047,WBC,White blood cell count,11.9,10^9/L,2026-03-01 03:43:28.806193+00
263,P047,CRP,C-reactive protein,93,mg/L,2026-03-01 03:43:28.806193+00
264,P047,EGFR,eGFR (CKD-EPI 2021),50,mL/min/1.73m2,2026-03-01 04:09:28.063575+00
265,P047,CREAT,Creatinine,1.72,mg/dL,2026-03-01 04:09:28.063575+00
266,P025,EGFR,eGFR (CKD-EPI 2021),54,mL/min/1.73m2,2026-02-24 05:03:03.898437+00
267,P025,CREAT,Creatinine,1.74,mg/dL,2026-02-24 05:03:03.898437+00
268,P025,EGFR,eGFR (CKD-EPI 2021),51,mL/min/1.73m2,2026-02-25 07:36:57.513143+00
269,P025,CREAT,Creatinine,1.82,mg/dL,2026-02-25 07:36:57.513143+00
270,P025,EGFR,eGFR (CKD-EPI 2021),53,mL/min/1.73m2,2026-02-27 03:15:10.390576+00
271,P025,CREAT,Creatinine,1.7,mg/dL,2026-02-27 03:15:10.390576+00
272,P025,EGFR,eGFR (CKD-EPI 2021),53,mL/min/1.73m2,2026-03-01 03:10:26.254386+00
273,P025,CREAT,Creatinine,1.63,mg/dL,2026-03-01 03:10:26.254386+00
274,P025,WBC,White blood cell count,13.9,10^9/L,2026-03-05 06:40:17.141022+00
275,P025,CRP,C-reactive protein,223,mg/L,2026-03-05 06:40:17.141022+00
276,P025,K,Potassium,4.7,mmol/L,2026-03-05 09:13:01.944591+00
277,P025,HGB,Hemoglobin,8.5,g/dL,2026-03-05 10:42:27.145398+00
278,P025,LACTATE,Lactate,1.4,mmol/L,2026-03-05 15:55:31.333882+00
279,P025,EGFR,eGFR (CKD-EPI 2021),53,mL/min/1.73m2,2026-03-06 05:08:25.400006+00
280,P025,CREAT,Creatinine,1.71,mg/dL,2026-03-06 05:08:25.400006+00
281,P025,WBC,White blood cell count,10.9,10^9/L,2026-03-06 07:32:30.854391+00
282,P025,CRP,C-reactive protein,68,mg/L,2026-03-06 07:32:30.854391+00
283,P030,EGFR,eGFR (CKD-EPI 2021),9,mL/min/1.73m2,2026-02-16 12:13:57.376645+00
284,P030,CREAT,Creatinine,9.94,mg/dL,2026-02-16 12:13:57.376645+00
285,P030,EGFR,eGFR (CKD-EPI 2021),5,mL/min/1.73m2,2026-02-20 07:45:37.163976+00
286,P030,CREAT,Creatinine,12.4,mg/dL,2026-02-20 07:45:37.163976+00
287,P030,EGFR,eGFR (CKD-EPI 2021),5,mL/min/1.73m2,2026-02-21 07:55:47.965769+00
288,P030,CREAT,Creatinine,12.74,mg/dL,2026-02-21 07:55:47.965769+00
289,P030,EGFR,eGFR (CKD-EPI 2021),9,mL/min/1.73m2,2026-03-01 08:49:46.151253+00
290,P030,CREAT,Creatinine,9.59,mg/dL,2026-03-01 08:49:46.151253+00
291,P030,EGFR,eGFR (CKD-EPI 2021),6,mL/min/1.73m2,2026-03-03 08:23:53.975692+00
292,P030,CREAT,Creatinine,13.02,mg/dL,2026-03-03 08:23:53.975692+00
293,P030,WBC,White blood cell count,12.5,10^9/L,2026-03-04 13:11:34.051771+00
294,P030,CRP,C-reactive protein,91,mg/L,2026-03-04 13:11:34.051771+00
295,P030,K,Potassium,3.8,mmol/L,2026-03-05 09:01:43.305282+00
296,P030,HGB,Hemoglobin,10.3,g/dL,2026-03-05 11:53:46.156567+00
297,P030,LACTATE,Lactate,1.8,mmol/L,2026-03-06 02:48:27.042961+00
298,P030,EGFR,eGFR (CKD-EPI 2021),7,mL/min/1.73m2,2026-03-06 13:34:26.697422+00
299,P030,CREAT,Creatinine,12.7,mg/dL,2026-03-06 13:34:26.697422+00
300,P030,WBC,White blood cell count,12,10^9/L,2026-03-06 13:58:18.102882+00
301,P030,CRP,C-reactive protein,67,mg/L,2026-03-06 13:58:18.102882+00
302,P006,EGFR,eGFR (CKD-EPI 2021),6,mL/min/1.73m2,2026-02-14 16:06:38.299021+00
303,P006,CREAT,Creatinine,11.94,mg/dL,2026-02-14 16:06:38.299021+00
304,P006,EGFR,eGFR (CKD-EPI 2021),9,mL/min/1.73m2,2026-02-21 14:29:19.60643+00
305,P006,CREAT,Creatinine,10.27,mg/dL,2026-02-21 14:29:19.60643+00
306,P006,EGFR,eGFR (CKD-EPI 2021),9,mL/min/1.73m2,2026-02-23 15:21:31.815323+00
307,P006,CREAT,Creatinine,9.95,mg/dL,2026-02-23 15:21:31.815323+00
308,P006,EGFR,eGFR (CKD-EPI 2021),6,mL/min/1.73m2,2026-02-28 11:38:23.692865+00
309,P006,CREAT,Creatinine,12.06,mg/dL,2026-02-28 11:38:23.692865+00
310,P006,EGFR,eGFR (CKD-EPI 2021),8,mL/min/1.73m2,2026-03-02 11:23:03.630598+00
311,P006,CREAT,Creatinine,10.98,mg/dL,2026-03-02 11:23:03.630598+00
312,P006,WBC,White blood cell count,13.7,10^9/L,2026-03-02 18:47:36.852839+00
313,P006,CRP,C-reactive protein,76,mg/L,2026-03-02 18:47:36.852839+00
314,P006,WBC,White blood cell count,13.8,10^9/L,2026-03-04 16:13:02.454678+00
315,P006,CRP,C-reactive protein,208,mg/L,2026-03-04 16:13:02.454678+00
316,P006,HGB,Hemoglobin,11.3,g/dL,2026-03-05 16:04:29.505028+00
317,P006,K,Potassium,4.8,mmol/L,2026-03-05 16:10:48.512862+00
318,P006,LACTATE,Lactate,1.4,mmol/L,2026-03-06 05:49:50.474143+00
319,P006,EGFR,eGFR (CKD-EPI 2021),6,mL/min/1.73m2,2026-03-06 14:56:17.667285+00
320,P006,CREAT,Creatinine,10.14,mg/dL,2026-03-06 14:56:17.667285+00
321,P031,VANC_TROUGH,Vancomycin trough,18.3,mg/L,2026-01-19 14:02:09.701574+00
322,P031,EGFR,eGFR (CKD-EPI 2021),22,mL/min/1.73m2,2026-02-21 03:06:16.356832+00
323,P031,CREAT,Creatinine,3.89,mg/dL,2026-02-21 03:06:16.356832+00
324,P031,EGFR,eGFR (CKD-EPI 2021),26,mL/min/1.73m2,2026-02-25 03:09:31.904703+00
325,P031,CREAT,Creatinine,3.41,mg/dL,2026-02-25 03:09:31.904703+00
326,P031,EGFR,eGFR (CKD-EPI 2021),22,mL/min/1.73m2,2026-03-06 23:06:12.857549+00
327,P031,CREAT,Creatinine,4.17,mg/dL,2026-03-06 23:06:12.857549+00
328,P031,WBC,White blood cell count,8,10^9/L,2026-03-09 07:15:47.051732+00
329,P031,CRP,C-reactive protein,210,mg/L,2026-03-09 07:15:47.051732+00
330,P031,WBC,White blood cell count,9.8,10^9/L,2026-03-11 02:36:47.709628+00
331,P031,CRP,C-reactive protein,134,mg/L,2026-03-11 02:36:47.709628+00
332,P031,HGB,Hemoglobin,11.8,g/dL,2026-03-11 03:23:24.84574+00
333,P031,K,Potassium,5.2,mmol/L,2026-03-11 07:57:46.350437+00
334,P031,LACTATE,Lactate,1.1,mmol/L,2026-03-11 13:04:04.718608+00
335,P031,EGFR,eGFR (CKD-EPI 2021),26,mL/min/1.73m2,2026-03-12 02:13:28.446727+00
336,P031,CREAT,Creatinine,3.84,mg/dL,2026-03-12 02:13:28.446727+00
337,P003,EGFR,eGFR (CKD-EPI 2021),7,mL/min/1.73m2,2026-02-22 12:47:00.558585+00
338,P003,CREAT,Creatinine,12.32,mg/dL,2026-02-22 12:47:00.558585+00
339,P003,EGFR,eGFR (CKD-EPI 2021),4,mL/min/1.73m2,2026-02-24 12:08:14.535802+00
340,P003,CREAT,Creatinine,12.61,mg/dL,2026-02-24 12:08:14.535802+00
341,P003,EGFR,eGFR (CKD-EPI 2021),6,mL/min/1.73m2,2026-02-25 12:07:29.041945+00
342,P003,CREAT,Creatinine,12.83,mg/dL,2026-02-25 12:07:29.041945+00
343,P003,EGFR,eGFR (CKD-EPI 2021),5,mL/min/1.73m2,2026-03-13 10:15:35.923183+00
344,P003,CREAT,Creatinine,11.98,mg/dL,2026-03-13 10:15:35.923183+00
345,P003,WBC,White blood cell count,14.1,10^9/L,2026-03-13 14:30:08.697253+00
346,P003,CRP,C-reactive protein,138,mg/L,2026-03-13 14:30:08.697253+00
347,P003,CK,Creatine kinase,160,U/L,2026-03-14 13:37:58.021129+00
348,P003,K,Potassium,5.7,mmol/L,2026-03-14 17:03:50.809861+00
349,P003,HGB,Hemoglobin,9.9,g/dL,2026-03-14 18:42:43.144935+00
350,P003,LACTATE,Lactate,1.4,mmol/L,2026-03-14 23:59:50.671024+00
351,P003,EGFR,eGFR (CKD-EPI 2021),5,mL/min/1.73m2,2026-03-15 12:44:44.288768+00
352,P003,CREAT,Creatinine,12.13,mg/dL,2026-03-15 12:44:44.288768+00
353,P003,WBC,White blood cell count,9.9,10^9/L,2026-03-15 12:57:38.073576+00
354,P003,CRP,C-reactive protein,58,mg/L,2026-03-15 12:57:38.073576+00
355,P022,EGFR,eGFR (CKD-EPI 2021),50,mL/min/1.73m2,2026-02-24 15:11:23.516602+00
356,P022,CREAT,Creatinine,1.83,mg/dL,2026-02-24 15:11:23.516602+00
357,P022,EGFR,eGFR (CKD-EPI 2021),47,mL/min/1.73m2,2026-02-25 16:50:57.560211+00
358,P022,CREAT,Creatinine,1.84,mg/dL,2026-02-25 16:50:57.560211+00
359,P022,EGFR,eGFR (CKD-EPI 2021),48,mL/min/1.73m2,2026-03-01 11:10:59.25419+00
360,P022,CREAT,Creatinine,1.88,mg/dL,2026-03-01 11:10:59.25419+00
361,P022,EGFR,eGFR (CKD-EPI 2021),50,mL/min/1.73m2,2026-03-08 16:46:57.969848+00
362,P022,CREAT,Creatinine,1.84,mg/dL,2026-03-08 16:46:57.969848+00
363,P022,WBC,White blood cell count,12.8,10^9/L,2026-03-11 14:53:44.915762+00
364,P022,CRP,C-reactive protein,225,mg/L,2026-03-11 14:53:44.915762+00
365,P022,EGFR,eGFR (CKD-EPI 2021),47,mL/min/1.73m2,2026-03-12 10:39:13.519432+00
366,P022,CREAT,Creatinine,1.85,mg/dL,2026-03-12 10:39:13.519432+00
367,P022,HGB,Hemoglobin,9.3,g/dL,2026-03-14 16:46:24.59956+00
368,P022,K,Potassium,4.4,mmol/L,2026-03-14 16:47:20.28664+00
369,P022,EGFR,eGFR (CKD-EPI 2021),49,mL/min/1.73m2,2026-03-15 11:11:42.207355+00
370,P022,CREAT,Creatinine,1.81,mg/dL,2026-03-15 11:11:42.207355+00
371,P022,LACTATE,Lactate,1.3,mmol/L,2026-03-15 16:47:44.157789+00
372,P022,WBC,White blood cell count,8.2,10^9/L,2026-03-15 17:42:21.730396+00
373,P022,CRP,C-reactive protein,208,mg/L,2026-03-15 17:42:21.730396+00
374,P008,EGFR,eGFR (CKD-EPI 2021),5,mL/min/1.73m2,2026-02-26 23:12:25.26479+00
375,P008,CREAT,Creatinine,12.9,mg/dL,2026-02-26 23:12:25.26479+00
376,P008,EGFR,eGFR (CKD-EPI 2021),6,mL/min/1.73m2,2026-02-28 00:14:20.044223+00
377,P008,CREAT,Creatinine,11.94,mg/dL,2026-02-28 00:14:20.044223+00
378,P008,EGFR,eGFR (CKD-EPI 2021),7,mL/min/1.73m2,2026-03-03 03:23:29.787779+00
379,P008,CREAT,Creatinine,12.95,mg/dL,2026-03-03 03:23:29.787779+00
380,P008,EGFR,eGFR (CKD-EPI 2021),6,mL/min/1.73m2,2026-03-08 03:42:37.031807+00
381,P008,CREAT,Creatinine,12.64,mg/dL,2026-03-08 03:42:37.031807+00
382,P008,EGFR,eGFR (CKD-EPI 2021),5,mL/min/1.73m2,2026-03-12 00:22:02.972062+00
383,P008,CREAT,Creatinine,12.62,mg/dL,2026-03-12 00:22:02.972062+00
384,P008,WBC,White blood cell count,8.6,10^9/L,2026-03-13 02:07:02.252567+00
385,P008,CRP,C-reactive protein,127,mg/L,2026-03-13 02:07:02.252567+00
386,P008,WBC,White blood cell count,8.9,10^9/L,2026-03-16 01:02:50.243507+00
387,P008,CRP,C-reactive protein,244,mg/L,2026-03-16 01:02:50.243507+00
388,P008,HGB,Hemoglobin,11.2,g/dL,2026-03-16 01:12:51.430293+00
389,P008,K,Potassium,5.7,mmol/L,2026-03-16 02:20:05.610986+00
390,P008,LACTATE,Lactate,1.8,mmol/L,2026-03-16 17:35:01.412667+00
391,P008,EGFR,eGFR (CKD-EPI 2021),6,mL/min/1.73m2,2026-03-17 04:25:59.235031+00
392,P008,CREAT,Creatinine,13.03,mg/dL,2026-03-17 04:25:59.235031+00
393,P024,EGFR,eGFR (CKD-EPI 2021),6,mL/min/1.73m2,2026-02-28 07:43:48.443044+00
394,P024,CREAT,Creatinine,12.4,mg/dL,2026-02-28 07:43:48.443044+00
395,P024,EGFR,eGFR (CKD-EPI 2021),8,mL/min/1.73m2,2026-03-03 02:43:03.897011+00
396,P024,CREAT,Creatinine,11.72,mg/dL,2026-03-03 02:43:03.897011+00
397,P024,EGFR,eGFR (CKD-EPI 2021),7,mL/min/1.73m2,2026-03-13 08:38:49.18024+00
398,P024,CREAT,Creatinine,12.64,mg/dL,2026-03-13 08:38:49.18024+00
399,P024,EGFR,eGFR (CKD-EPI 2021),6,mL/min/1.73m2,2026-03-16 01:57:39.421007+00
400,P024,CREAT,Creatinine,12.29,mg/dL,2026-03-16 01:57:39.421007+00
401,P024,WBC,White blood cell count,10.8,10^9/L,2026-03-18 06:28:19.891434+00
402,P024,CRP,C-reactive protein,156,mg/L,2026-03-18 06:28:19.891434+00
403,P024,EGFR,eGFR (CKD-EPI 2021),8,mL/min/1.73m2,2026-03-19 02:22:47.659528+00
404,P024,CREAT,Creatinine,11.41,mg/dL,2026-03-19 02:22:47.659528+00
405,P024,K,Potassium,3.8,mmol/L,2026-03-20 03:24:31.979494+00
406,P024,HGB,Hemoglobin,9.6,g/dL,2026-03-20 03:51:00.122734+00
407,P024,WBC,White blood cell count,10.8,10^9/L,2026-03-21 05:57:08.19589+00
408,P024,CRP,C-reactive protein,253,mg/L,2026-03-21 05:57:08.19589+00
409,P024,EGFR,eGFR (CKD-EPI 2021),6,mL/min/1.73m2,2026-03-21 07:33:22.248082+00
410,P024,CREAT,Creatinine,12.28,mg/dL,2026-03-21 07:33:22.248082+00
411,P024,LACTATE,Lactate,1.2,mmol/L,2026-03-21 08:38:28.711501+00
412,P046,EGFR,eGFR (CKD-EPI 2021),6,mL/min/1.73m2,2026-03-04 12:16:53.292668+00
413,P046,CREAT,Creatinine,12.58,mg/dL,2026-03-04 12:16:53.292668+00
414,P046,EGFR,eGFR (CKD-EPI 2021),8,mL/min/1.73m2,2026-03-05 18:08:17.515035+00
415,P046,CREAT,Creatinine,10.94,mg/dL,2026-03-05 18:08:17.515035+00
416,P046,EGFR,eGFR (CKD-EPI 2021),7,mL/min/1.73m2,2026-03-09 11:37:58.902925+00
417,P046,CREAT,Creatinine,12.06,mg/dL,2026-03-09 11:37:58.902925+00
418,P046,EGFR,eGFR (CKD-EPI 2021),6,mL/min/1.73m2,2026-03-13 14:06:22.26226+00
419,P046,CREAT,Creatinine,12.1,mg/dL,2026-03-13 14:06:22.26226+00
420,P046,WBC,White blood cell count,7.9,10^9/L,2026-03-17 17:03:11.202825+00
421,P046,CRP,C-reactive protein,164,mg/L,2026-03-17 17:03:11.202825+00
422,P046,EGFR,eGFR (CKD-EPI 2021),8,mL/min/1.73m2,2026-03-18 11:59:35.973953+00
423,P046,CREAT,Creatinine,11.26,mg/dL,2026-03-18 11:59:35.973953+00
424,P046,WBC,White blood cell count,14,10^9/L,2026-03-19 15:47:16.445056+00
425,P046,CRP,C-reactive protein,185,mg/L,2026-03-19 15:47:16.445056+00
426,P046,HGB,Hemoglobin,8.8,g/dL,2026-03-20 14:26:49.003417+00
427,P046,K,Potassium,4.1,mmol/L,2026-03-20 17:25:25.5924+00
428,P046,LACTATE,Lactate,0.9,mmol/L,2026-03-21 08:54:03.367825+00
429,P046,EGFR,eGFR (CKD-EPI 2021),8,mL/min/1.73m2,2026-03-21 13:55:16.086957+00
430,P046,CREAT,Creatinine,13.03,mg/dL,2026-03-21 13:55:16.086957+00
431,P046,CK,Creatine kinase,122,U/L,2026-03-21 16:15:36.358222+00
432,P014,VANC_TROUGH,Vancomycin trough,9.4,mg/L,2026-02-06 20:00:47.42894+00
433,P014,EGFR,eGFR (CKD-EPI 2021),38,mL/min/1.73m2,2026-03-09 07:30:50.288068+00
434,P014,CREAT,Creatinine,2.44,mg/dL,2026-03-09 07:30:50.288068+00
435,P014,EGFR,eGFR (CKD-EPI 2021),37,mL/min/1.73m2,2026-03-12 03:04:10.237319+00
436,P014,CREAT,Creatinine,2.32,mg/dL,2026-03-12 03:04:10.237319+00
437,P014,EGFR,eGFR (CKD-EPI 2021),38,mL/min/1.73m2,2026-03-13 06:16:42.374728+00
438,P014,CREAT,Creatinine,2.47,mg/dL,2026-03-13 06:16:42.374728+00
439,P014,EGFR,eGFR (CKD-EPI 2021),38,mL/min/1.73m2,2026-03-14 23:32:51.852845+00
440,P014,CREAT,Creatinine,2.29,mg/dL,2026-03-14 23:32:51.852845+00
441,P014,WBC,White blood cell count,20.8,10^9/L,2026-03-21 03:53:10.013675+00
442,P014,CRP,C-reactive protein,44,mg/L,2026-03-21 03:53:10.013675+00
443,P014,HGB,Hemoglobin,8.4,g/dL,2026-03-24 08:08:45.121394+00
444,P014,K,Potassium,4,mmol/L,2026-03-24 09:03:33.555364+00
445,P014,LACTATE,Lactate,5.2,mmol/L,2026-03-24 21:34:45.270548+00
446,P014,EGFR,eGFR (CKD-EPI 2021),37,mL/min/1.73m2,2026-03-25 00:54:58.900038+00
447,P014,CREAT,Creatinine,2.32,mg/dL,2026-03-25 00:54:58.900038+00
448,P014,WBC,White blood cell count,16.3,10^9/L,2026-03-25 06:51:38.916888+00
449,P014,CRP,C-reactive protein,118,mg/L,2026-03-25 06:51:38.916888+00
450,P027,EGFR,eGFR (CKD-EPI 2021),36,mL/min/1.73m2,2026-03-11 12:03:18.898747+00
451,P027,CREAT,Creatinine,2.45,mg/dL,2026-03-11 12:03:18.898747+00
452,P027,EGFR,eGFR (CKD-EPI 2021),37,mL/min/1.73m2,2026-03-14 07:38:21.40531+00
453,P027,CREAT,Creatinine,2.53,mg/dL,2026-03-14 07:38:21.40531+00
454,P027,EGFR,eGFR (CKD-EPI 2021),38,mL/min/1.73m2,2026-03-17 09:55:22.595804+00
455,P027,CREAT,Creatinine,2.33,mg/dL,2026-03-17 09:55:22.595804+00
456,P027,EGFR,eGFR (CKD-EPI 2021),35,mL/min/1.73m2,2026-03-19 12:20:19.010678+00
457,P027,CREAT,Creatinine,2.57,mg/dL,2026-03-19 12:20:19.010678+00
458,P027,WBC,White blood cell count,22.7,10^9/L,2026-03-21 14:34:38.788273+00
459,P027,CRP,C-reactive protein,96,mg/L,2026-03-21 14:34:38.788273+00
460,P027,EGFR,eGFR (CKD-EPI 2021),38,mL/min/1.73m2,2026-03-23 13:50:37.759823+00
461,P027,CREAT,Creatinine,2.39,mg/dL,2026-03-23 13:50:37.759823+00
462,P027,HGB,Hemoglobin,10.3,g/dL,2026-03-24 10:34:34.880736+00
463,P027,K,Potassium,3.8,mmol/L,2026-03-24 13:12:49.59807+00
464,P027,EGFR,eGFR (CKD-EPI 2021),38,mL/min/1.73m2,2026-03-25 11:43:28.834354+00
465,P027,CREAT,Creatinine,2.47,mg/dL,2026-03-25 11:43:28.834354+00
466,P027,WBC,White blood cell count,21.7,10^9/L,2026-03-25 13:47:28.796843+00
467,P027,CRP,C-reactive protein,132,mg/L,2026-03-25 13:47:28.796843+00
468,P027,LACTATE,Lactate,7.1,mmol/L,2026-03-25 13:50:13.292108+00
469,P035,EGFR,eGFR (CKD-EPI 2021),47,mL/min/1.73m2,2026-03-05 03:28:43.9725+00
470,P035,CREAT,Creatinine,1.89,mg/dL,2026-03-05 03:28:43.9725+00
471,P035,EGFR,eGFR (CKD-EPI 2021),47,mL/min/1.73m2,2026-03-07 09:42:40.036434+00
472,P035,CREAT,Creatinine,1.89,mg/dL,2026-03-07 09:42:40.036434+00
473,P035,EGFR,eGFR (CKD-EPI 2021),47,mL/min/1.73m2,2026-03-13 08:51:34.388757+00
474,P035,CREAT,Creatinine,2.01,mg/dL,2026-03-13 08:51:34.388757+00
475,P035,EGFR,eGFR (CKD-EPI 2021),48,mL/min/1.73m2,2026-03-20 10:36:20.755859+00
476,P035,CREAT,Creatinine,1.84,mg/dL,2026-03-20 10:36:20.755859+00
477,P035,WBC,White blood cell count,7.1,10^9/L,2026-03-22 09:48:52.637533+00
478,P035,CRP,C-reactive protein,217,mg/L,2026-03-22 09:48:52.637533+00
479,P035,WBC,White blood cell count,10.4,10^9/L,2026-03-23 08:55:57.461945+00
480,P035,CRP,C-reactive protein,51,mg/L,2026-03-23 08:55:57.461945+00
481,P035,HGB,Hemoglobin,8.3,g/dL,2026-03-25 09:08:58.08346+00
482,P035,K,Potassium,3.9,mmol/L,2026-03-25 12:02:15.424934+00
483,P035,LACTATE,Lactate,1.7,mmol/L,2026-03-25 23:16:24.154254+00
484,P035,EGFR,eGFR (CKD-EPI 2021),47,mL/min/1.73m2,2026-03-26 04:36:26.136082+00
485,P035,CREAT,Creatinine,1.81,mg/dL,2026-03-26 04:36:26.136082+00
486,P009,EGFR,eGFR (CKD-EPI 2021),18,mL/min/1.73m2,2026-03-10 06:05:50.129527+00
487,P009,CREAT,Creatinine,4.93,mg/dL,2026-03-10 06:05:50.129527+00
488,P009,EGFR,eGFR (CKD-EPI 2021),17,mL/min/1.73m2,2026-03-12 12:13:51.588319+00
489,P009,CREAT,Creatinine,5.29,mg/dL,2026-03-12 12:13:51.588319+00
490,P009,EGFR,eGFR (CKD-EPI 2021),19,mL/min/1.73m2,2026-03-15 11:02:16.220737+00
491,P009,CREAT,Creatinine,4.77,mg/dL,2026-03-15 11:02:16.220737+00
492,P009,EGFR,eGFR (CKD-EPI 2021),18,mL/min/1.73m2,2026-03-17 07:40:04.746786+00
493,P009,CREAT,Creatinine,5.1,mg/dL,2026-03-17 07:40:04.746786+00
494,P009,EGFR,eGFR (CKD-EPI 2021),17,mL/min/1.73m2,2026-03-21 10:38:11.185088+00
495,P009,CREAT,Creatinine,5.49,mg/dL,2026-03-21 10:38:11.185088+00
496,P009,WBC,White blood cell count,20.2,10^9/L,2026-03-25 14:10:18.592557+00
497,P009,CRP,C-reactive protein,236,mg/L,2026-03-25 14:10:18.592557+00
498,P009,HGB,Hemoglobin,9.3,g/dL,2026-03-26 09:19:01.903431+00
499,P009,WBC,White blood cell count,23.5,10^9/L,2026-03-26 10:52:37.153139+00
500,P009,CRP,C-reactive protein,228,mg/L,2026-03-26 10:52:37.153139+00
501,P009,K,Potassium,5.1,mmol/L,2026-03-26 12:03:32.492909+00
502,P009,LACTATE,Lactate,5.1,mmol/L,2026-03-27 05:17:57.240479+00
503,P009,EGFR,eGFR (CKD-EPI 2021),20,mL/min/1.73m2,2026-03-27 07:43:22.602087+00
504,P009,CREAT,Creatinine,5.19,mg/dL,2026-03-27 07:43:22.602087+00
505,P033,EGFR,eGFR (CKD-EPI 2021),6,mL/min/1.73m2,2026-03-08 04:53:09.714832+00
506,P033,CREAT,Creatinine,12.66,mg/dL,2026-03-08 04:53:09.714832+00
507,P033,EGFR,eGFR (CKD-EPI 2021),8,mL/min/1.73m2,2026-03-18 04:07:57.159971+00
508,P033,CREAT,Creatinine,11.33,mg/dL,2026-03-18 04:07:57.159971+00
509,P033,EGFR,eGFR (CKD-EPI 2021),9,mL/min/1.73m2,2026-03-19 02:27:58.5873+00
510,P033,CREAT,Creatinine,10.28,mg/dL,2026-03-19 02:27:58.5873+00
511,P033,WBC,White blood cell count,12.8,10^9/L,2026-03-26 04:43:04.985439+00
512,P033,CRP,C-reactive protein,231,mg/L,2026-03-26 04:43:04.985439+00
513,P033,K,Potassium,3.9,mmol/L,2026-03-27 02:24:21.084932+00
514,P033,WBC,White blood cell count,14.3,10^9/L,2026-03-27 04:21:57.876435+00
515,P033,CRP,C-reactive protein,81,mg/L,2026-03-27 04:21:57.876435+00
516,P033,HGB,Hemoglobin,10.5,g/dL,2026-03-27 05:57:17.032247+00
517,P033,LACTATE,Lactate,1.6,mmol/L,2026-03-27 13:48:29.053146+00
518,P033,EGFR,eGFR (CKD-EPI 2021),8,mL/min/1.73m2,2026-03-28 00:25:14.226405+00
519,P033,CREAT,Creatinine,12.5,mg/dL,2026-03-28 00:25:14.226405+00
520,P036,EGFR,eGFR (CKD-EPI 2021),51,mL/min/1.73m2,2026-03-08 14:12:28.943327+00
521,P036,CREAT,Creatinine,1.85,mg/dL,2026-03-08 14:12:28.943327+00
522,P036,EGFR,eGFR (CKD-EPI 2021),52,mL/min/1.73m2,2026-03-10 08:23:47.337502+00
523,P036,CREAT,Creatinine,1.72,mg/dL,2026-03-10 08:23:47.337502+00
524,P036,EGFR,eGFR (CKD-EPI 2021),53,mL/min/1.73m2,2026-03-12 14:13:42.028424+00
525,P036,CREAT,Creatinine,1.69,mg/dL,2026-03-12 14:13:42.028424+00
526,P036,EGFR,eGFR (CKD-EPI 2021),51,mL/min/1.73m2,2026-03-19 07:45:12.345564+00
527,P036,CREAT,Creatinine,1.82,mg/dL,2026-03-19 07:45:12.345564+00
528,P036,WBC,White blood cell count,7.6,10^9/L,2026-03-26 15:11:17.265437+00
529,P036,CRP,C-reactive protein,242,mg/L,2026-03-26 15:11:17.265437+00
530,P036,EGFR,eGFR (CKD-EPI 2021),52,mL/min/1.73m2,2026-03-28 11:00:18.220234+00
531,P036,CREAT,Creatinine,1.75,mg/dL,2026-03-28 11:00:18.220234+00
532,P036,K,Potassium,5.8,mmol/L,2026-03-28 12:01:28.461106+00
533,P036,HGB,Hemoglobin,11.6,g/dL,2026-03-28 13:05:39.381678+00
534,P036,WBC,White blood cell count,8.8,10^9/L,2026-03-28 14:14:50.721737+00
535,P036,CRP,C-reactive protein,133,mg/L,2026-03-28 14:14:50.721737+00
536,P036,LACTATE,Lactate,1,mmol/L,2026-03-29 05:05:18.043699+00
537,P036,EGFR,eGFR (CKD-EPI 2021),51,mL/min/1.73m2,2026-03-29 12:48:37.445936+00
538,P036,CREAT,Creatinine,1.83,mg/dL,2026-03-29 12:48:37.445936+00
539,P007,EGFR,eGFR (CKD-EPI 2021),42,mL/min/1.73m2,2026-03-12 12:18:43.95758+00
540,P007,CREAT,Creatinine,2.12,mg/dL,2026-03-12 12:18:43.95758+00
541,P007,EGFR,eGFR (CKD-EPI 2021),41,mL/min/1.73m2,2026-03-14 15:36:34.493275+00
542,P007,CREAT,Creatinine,2.21,mg/dL,2026-03-14 15:36:34.493275+00
543,P007,EGFR,eGFR (CKD-EPI 2021),39,mL/min/1.73m2,2026-03-15 16:57:04.228238+00
544,P007,CREAT,Creatinine,2.28,mg/dL,2026-03-15 16:57:04.228238+00
545,P007,EGFR,eGFR (CKD-EPI 2021),41,mL/min/1.73m2,2026-03-20 14:21:08.431129+00
546,P007,CREAT,Creatinine,2.12,mg/dL,2026-03-20 14:21:08.431129+00
547,P007,EGFR,eGFR (CKD-EPI 2021),43,mL/min/1.73m2,2026-03-21 14:39:54.236378+00
548,P007,CREAT,Creatinine,2.01,mg/dL,2026-03-21 14:39:54.236378+00
549,P007,WBC,White blood cell count,9.5,10^9/L,2026-03-27 16:31:06.510263+00
550,P007,CRP,C-reactive protein,147,mg/L,2026-03-27 16:31:06.510263+00
551,P007,WBC,White blood cell count,11.3,10^9/L,2026-03-28 17:23:14.247117+00
552,P007,CRP,C-reactive protein,56,mg/L,2026-03-28 17:23:14.247117+00
553,P007,HGB,Hemoglobin,8.9,g/dL,2026-03-29 13:50:41.179838+00
554,P007,K,Potassium,3.7,mmol/L,2026-03-29 14:06:16.378642+00
555,P007,EGFR,eGFR (CKD-EPI 2021),40,mL/min/1.73m2,2026-03-30 15:15:34.259574+00
556,P007,CREAT,Creatinine,2.18,mg/dL,2026-03-30 15:15:34.259574+00
557,P007,LACTATE,Lactate,1.1,mmol/L,2026-03-30 15:25:51.738823+00
558,P043,EGFR,eGFR (CKD-EPI 2021),38,mL/min/1.73m2,2026-03-17 05:43:02.44816+00
559,P043,CREAT,Creatinine,2.45,mg/dL,2026-03-17 05:43:02.44816+00
560,P043,EGFR,eGFR (CKD-EPI 2021),40,mL/min/1.73m2,2026-03-23 06:00:37.604511+00
561,P043,CREAT,Creatinine,2.3,mg/dL,2026-03-23 06:00:37.604511+00
562,P043,EGFR,eGFR (CKD-EPI 2021),40,mL/min/1.73m2,2026-03-25 02:09:27.152232+00
563,P043,CREAT,Creatinine,2.29,mg/dL,2026-03-25 02:09:27.152232+00
564,P043,EGFR,eGFR (CKD-EPI 2021),37,mL/min/1.73m2,2026-03-29 02:56:10.884455+00
565,P043,CREAT,Creatinine,2.38,mg/dL,2026-03-29 02:56:10.884455+00
566,P043,EGFR,eGFR (CKD-EPI 2021),39,mL/min/1.73m2,2026-03-30 02:21:21.65729+00
567,P043,CREAT,Creatinine,2.28,mg/dL,2026-03-30 02:21:21.65729+00
568,P043,WBC,White blood cell count,8.5,10^9/L,2026-03-30 06:56:15.572828+00
569,P043,CRP,C-reactive protein,156,mg/L,2026-03-30 06:56:15.572828+00
570,P043,HGB,Hemoglobin,10.4,g/dL,2026-04-02 04:42:28.844596+00
571,P043,K,Potassium,4.5,mmol/L,2026-04-02 10:10:14.702253+00
572,P043,LACTATE,Lactate,1.2,mmol/L,2026-04-03 00:30:22.688291+00
573,P043,CK,Creatine kinase,204,U/L,2026-04-03 04:04:52.886551+00
574,P043,EGFR,eGFR (CKD-EPI 2021),37,mL/min/1.73m2,2026-04-03 05:14:52.113217+00
575,P043,CREAT,Creatinine,2.55,mg/dL,2026-04-03 05:14:52.113217+00
576,P043,WBC,White blood cell count,11.9,10^9/L,2026-04-03 06:10:22.842813+00
577,P043,CRP,C-reactive protein,184,mg/L,2026-04-03 06:10:22.842813+00
578,P016,EGFR,eGFR (CKD-EPI 2021),8,mL/min/1.73m2,2026-03-21 10:35:16.82626+00
579,P016,CREAT,Creatinine,11.81,mg/dL,2026-03-21 10:35:16.82626+00
580,P016,EGFR,eGFR (CKD-EPI 2021),7,mL/min/1.73m2,2026-03-25 06:00:26.151636+00
581,P016,CREAT,Creatinine,13.09,mg/dL,2026-03-25 06:00:26.151636+00
582,P016,EGFR,eGFR (CKD-EPI 2021),4,mL/min/1.73m2,2026-03-26 10:19:14.600544+00
583,P016,CREAT,Creatinine,11.91,mg/dL,2026-03-26 10:19:14.600544+00
584,P016,EGFR,eGFR (CKD-EPI 2021),7,mL/min/1.73m2,2026-03-29 07:00:27.397601+00
585,P016,CREAT,Creatinine,12.84,mg/dL,2026-03-29 07:00:27.397601+00
586,P016,WBC,White blood cell count,12.4,10^9/L,2026-04-03 10:09:18.773505+00
587,P016,CRP,C-reactive protein,255,mg/L,2026-04-03 10:09:18.773505+00
588,P016,HGB,Hemoglobin,9.5,g/dL,2026-04-05 08:52:27.051543+00
589,P016,K,Potassium,5.1,mmol/L,2026-04-05 09:59:10.610549+00
590,P016,LACTATE,Lactate,1.2,mmol/L,2026-04-05 22:33:29.491103+00
591,P016,CK,Creatine kinase,248,U/L,2026-04-06 03:20:29.557067+00
592,P016,EGFR,eGFR (CKD-EPI 2021),5,mL/min/1.73m2,2026-04-06 09:33:06.44272+00
593,P016,CREAT,Creatinine,12.18,mg/dL,2026-04-06 09:33:06.44272+00
594,P016,WBC,White blood cell count,11.1,10^9/L,2026-04-06 12:31:41.090713+00
595,P016,CRP,C-reactive protein,46,mg/L,2026-04-06 12:31:41.090713+00
596,P028,EGFR,eGFR (CKD-EPI 2021),7,mL/min/1.73m2,2026-03-18 08:31:54.090404+00
597,P028,CREAT,Creatinine,11.96,mg/dL,2026-03-18 08:31:54.090404+00
598,P028,EGFR,eGFR (CKD-EPI 2021),7,mL/min/1.73m2,2026-04-03 12:10:05.1928+00
599,P028,CREAT,Creatinine,12.29,mg/dL,2026-04-03 12:10:05.1928+00
600,P028,K,Potassium,5.4,mmol/L,2026-04-07 09:15:00.612127+00
601,P028,HGB,Hemoglobin,9.3,g/dL,2026-04-07 11:38:30.826821+00
602,P028,WBC,White blood cell count,13.6,10^9/L,2026-04-07 12:12:50.001306+00
603,P028,CRP,C-reactive protein,214,mg/L,2026-04-07 12:12:50.001306+00
604,P028,EGFR,eGFR (CKD-EPI 2021),4,mL/min/1.73m2,2026-04-07 12:38:37.439095+00
605,P028,CREAT,Creatinine,12.97,mg/dL,2026-04-07 12:38:37.439095+00
606,P028,CK,Creatine kinase,160,U/L,2026-04-07 14:14:11.309179+00
607,P028,LACTATE,Lactate,1.5,mmol/L,2026-04-08 01:23:26.576571+00
608,P028,EGFR,eGFR (CKD-EPI 2021),4,mL/min/1.73m2,2026-04-08 06:54:15.101473+00
609,P028,CREAT,Creatinine,12.74,mg/dL,2026-04-08 06:54:15.101473+00
610,P028,WBC,White blood cell count,9.4,10^9/L,2026-04-08 10:21:59.327945+00
611,P028,CRP,C-reactive protein,134,mg/L,2026-04-08 10:21:59.327945+00
612,P019,VANC_TROUGH,Vancomycin trough,19,mg/L,2026-02-26 22:09:07.547274+00
613,P019,EGFR,eGFR (CKD-EPI 2021),26,mL/min/1.73m2,2026-03-27 11:38:52.408225+00
614,P019,CREAT,Creatinine,3.46,mg/dL,2026-03-27 11:38:52.408225+00
615,P019,EGFR,eGFR (CKD-EPI 2021),23,mL/min/1.73m2,2026-04-08 11:12:56.589996+00
616,P019,CREAT,Creatinine,4.09,mg/dL,2026-04-08 11:12:56.589996+00
617,P019,WBC,White blood cell count,8.6,10^9/L,2026-04-11 13:34:09.811338+00
618,P019,CRP,C-reactive protein,171,mg/L,2026-04-11 13:34:09.811338+00
619,P019,EGFR,eGFR (CKD-EPI 2021),26,mL/min/1.73m2,2026-04-12 15:33:09.219879+00
620,P019,CREAT,Creatinine,3.3,mg/dL,2026-04-12 15:33:09.219879+00
621,P019,HGB,Hemoglobin,11.5,g/dL,2026-04-13 13:20:28.659363+00
622,P019,WBC,White blood cell count,8.7,10^9/L,2026-04-13 13:36:52.743957+00
623,P019,CRP,C-reactive protein,260,mg/L,2026-04-13 13:36:52.743957+00
624,P019,K,Potassium,5.6,mmol/L,2026-04-13 16:08:14.211706+00
625,P019,LACTATE,Lactate,1.2,mmol/L,2026-04-14 03:55:01.953059+00
626,P019,EGFR,eGFR (CKD-EPI 2021),26,mL/min/1.73m2,2026-04-14 11:13:49.675267+00
627,P019,CREAT,Creatinine,3.53,mg/dL,2026-04-14 11:13:49.675267+00
628,P005,EGFR,eGFR (CKD-EPI 2021),7,mL/min/1.73m2,2026-03-27 15:21:34.030307+00
629,P005,CREAT,Creatinine,12.72,mg/dL,2026-03-27 15:21:34.030307+00
630,P005,EGFR,eGFR (CKD-EPI 2021),9,mL/min/1.73m2,2026-03-31 17:04:02.860587+00
631,P005,CREAT,Creatinine,9.73,mg/dL,2026-03-31 17:04:02.860587+00
632,P005,EGFR,eGFR (CKD-EPI 2021),8,mL/min/1.73m2,2026-04-11 14:06:42.237951+00
633,P005,CREAT,Creatinine,10.87,mg/dL,2026-04-11 14:06:42.237951+00
634,P005,WBC,White blood cell count,16.8,10^9/L,2026-04-12 21:53:40.564481+00
635,P005,CRP,C-reactive protein,145,mg/L,2026-04-12 21:53:40.564481+00
636,P005,WBC,White blood cell count,21.7,10^9/L,2026-04-13 17:53:13.754918+00
637,P005,CRP,C-reactive protein,249,mg/L,2026-04-13 17:53:13.754918+00
638,P005,K,Potassium,4,mmol/L,2026-04-14 20:14:48.934381+00
639,P005,HGB,Hemoglobin,9.2,g/dL,2026-04-14 21:20:58.754631+00
640,P005,LACTATE,Lactate,1.1,mmol/L,2026-04-15 20:40:22.336382+00
641,P005,EGFR,eGFR (CKD-EPI 2021),7,mL/min/1.73m2,2026-04-15 21:12:16.007764+00
642,P005,CREAT,Creatinine,9.52,mg/dL,2026-04-15 21:12:16.007764+00
643,P015,EGFR,eGFR (CKD-EPI 2021),7,mL/min/1.73m2,2026-04-02 01:58:49.472112+00
644,P015,CREAT,Creatinine,12,mg/dL,2026-04-02 01:58:49.472112+00
645,P015,EGFR,eGFR (CKD-EPI 2021),6,mL/min/1.73m2,2026-04-04 22:27:18.963798+00
646,P015,CREAT,Creatinine,12.34,mg/dL,2026-04-04 22:27:18.963798+00
647,P015,EGFR,eGFR (CKD-EPI 2021),6,mL/min/1.73m2,2026-04-15 01:59:24.313068+00
648,P015,CREAT,Creatinine,12.4,mg/dL,2026-04-15 01:59:24.313068+00
649,P015,EGFR,eGFR (CKD-EPI 2021),9,mL/min/1.73m2,2026-04-18 02:52:50.424467+00
650,P015,CREAT,Creatinine,10.34,mg/dL,2026-04-18 02:52:50.424467+00
651,P015,WBC,White blood cell count,14.9,10^9/L,2026-04-18 06:17:22.006828+00
652,P015,CRP,C-reactive protein,92,mg/L,2026-04-18 06:17:22.006828+00
653,P015,HGB,Hemoglobin,8.2,g/dL,2026-04-19 00:24:22.325902+00
654,P015,K,Potassium,4.4,mmol/L,2026-04-19 00:26:02.296715+00
655,P015,WBC,White blood cell count,9.4,10^9/L,2026-04-19 04:35:50.978727+00
656,P015,CRP,C-reactive protein,181,mg/L,2026-04-19 04:35:50.978727+00
657,P015,EGFR,eGFR (CKD-EPI 2021),6,mL/min/1.73m2,2026-04-20 00:48:17.648341+00
658,P015,CREAT,Creatinine,11.34,mg/dL,2026-04-20 00:48:17.648341+00
659,P015,LACTATE,Lactate,1,mmol/L,2026-04-20 01:43:29.313467+00
660,P029,EGFR,eGFR (CKD-EPI 2021),5,mL/min/1.73m2,2026-04-04 12:10:59.424167+00
661,P029,CREAT,Creatinine,13.06,mg/dL,2026-04-04 12:10:59.424167+00
662,P029,EGFR,eGFR (CKD-EPI 2021),7,mL/min/1.73m2,2026-04-08 11:27:42.484836+00
663,P029,CREAT,Creatinine,12.78,mg/dL,2026-04-08 11:27:42.484836+00
664,P029,EGFR,eGFR (CKD-EPI 2021),6,mL/min/1.73m2,2026-04-11 11:16:59.561267+00
665,P029,CREAT,Creatinine,12.24,mg/dL,2026-04-11 11:16:59.561267+00
666,P029,WBC,White blood cell count,8.6,10^9/L,2026-04-17 17:23:25.57831+00
667,P029,CRP,C-reactive protein,112,mg/L,2026-04-17 17:23:25.57831+00
668,P029,K,Potassium,5,mmol/L,2026-04-20 15:04:16.154975+00
669,P029,HGB,Hemoglobin,10.8,g/dL,2026-04-20 15:33:51.430243+00
670,P029,LACTATE,Lactate,1.8,mmol/L,2026-04-21 09:08:53.900357+00
671,P029,EGFR,eGFR (CKD-EPI 2021),7,mL/min/1.73m2,2026-04-21 09:37:57.303859+00
672,P029,CREAT,Creatinine,12.16,mg/dL,2026-04-21 09:37:57.303859+00
673,P029,WBC,White blood cell count,10.8,10^9/L,2026-04-21 17:03:01.281401+00
674,P029,CRP,C-reactive protein,196,mg/L,2026-04-21 17:03:01.281401+00
675,P010,EGFR,eGFR (CKD-EPI 2021),10,mL/min/1.73m2,2026-04-02 01:39:00.941424+00
676,P010,CREAT,Creatinine,8.66,mg/dL,2026-04-02 01:39:00.941424+00
677,P010,EGFR,eGFR (CKD-EPI 2021),11,mL/min/1.73m2,2026-04-07 23:43:26.046789+00
678,P010,CREAT,Creatinine,8.43,mg/dL,2026-04-07 23:43:26.046789+00
679,P010,EGFR,eGFR (CKD-EPI 2021),9,mL/min/1.73m2,2026-04-14 04:59:46.231942+00
680,P010,CREAT,Creatinine,9.96,mg/dL,2026-04-14 04:59:46.231942+00
681,P010,EGFR,eGFR (CKD-EPI 2021),11,mL/min/1.73m2,2026-04-15 01:28:55.709665+00
682,P010,CREAT,Creatinine,8.24,mg/dL,2026-04-15 01:28:55.709665+00
683,P010,HGB,Hemoglobin,10.5,g/dL,2026-04-22 02:37:45.260793+00
684,P010,WBC,White blood cell count,14.8,10^9/L,2026-04-22 04:42:47.295741+00
685,P010,CRP,C-reactive protein,84,mg/L,2026-04-22 04:42:47.295741+00
686,P010,K,Potassium,5.2,mmol/L,2026-04-22 04:47:48.974169+00
687,P010,LACTATE,Lactate,0.9,mmol/L,2026-04-22 17:50:13.559697+00
688,P010,EGFR,eGFR (CKD-EPI 2021),10,mL/min/1.73m2,2026-04-23 02:39:20.791794+00
689,P010,CREAT,Creatinine,9.07,mg/dL,2026-04-23 02:39:20.791794+00
690,P010,WBC,White blood cell count,10,10^9/L,2026-04-23 03:58:59.623275+00
691,P010,CRP,C-reactive protein,154,mg/L,2026-04-23 03:58:59.623275+00
692,P023,EGFR,eGFR (CKD-EPI 2021),11,mL/min/1.73m2,2026-04-08 09:49:53.005176+00
693,P023,CREAT,Creatinine,8.13,mg/dL,2026-04-08 09:49:53.005176+00
694,P023,EGFR,eGFR (CKD-EPI 2021),13,mL/min/1.73m2,2026-04-13 12:39:01.536156+00
695,P023,CREAT,Creatinine,7.19,mg/dL,2026-04-13 12:39:01.536156+00
696,P023,EGFR,eGFR (CKD-EPI 2021),11,mL/min/1.73m2,2026-04-17 09:58:09.134063+00
697,P023,CREAT,Creatinine,8.04,mg/dL,2026-04-17 09:58:09.134063+00
698,P023,EGFR,eGFR (CKD-EPI 2021),10,mL/min/1.73m2,2026-04-18 12:59:54.537167+00
699,P023,CREAT,Creatinine,9.26,mg/dL,2026-04-18 12:59:54.537167+00
700,P023,EGFR,eGFR (CKD-EPI 2021),9,mL/min/1.73m2,2026-04-20 08:09:03.243485+00
701,P023,CREAT,Creatinine,10.39,mg/dL,2026-04-20 08:09:03.243485+00
702,P023,WBC,White blood cell count,10.4,10^9/L,2026-04-20 09:21:15.332452+00
703,P023,CRP,C-reactive protein,212,mg/L,2026-04-20 09:21:15.332452+00
704,P023,K,Potassium,5.2,mmol/L,2026-04-22 08:07:00.819351+00
705,P023,HGB,Hemoglobin,9.8,g/dL,2026-04-22 08:58:34.471827+00
706,P023,WBC,White blood cell count,7.1,10^9/L,2026-04-22 11:00:10.519167+00
707,P023,CRP,C-reactive protein,142,mg/L,2026-04-22 11:00:10.519167+00
708,P023,LACTATE,Lactate,1.3,mmol/L,2026-04-22 20:03:07.479229+00
709,P023,CK,Creatine kinase,68,U/L,2026-04-23 04:48:47.102783+00
710,P023,EGFR,eGFR (CKD-EPI 2021),13,mL/min/1.73m2,2026-04-23 07:46:51.235848+00
711,P023,CREAT,Creatinine,8.34,mg/dL,2026-04-23 07:46:51.235848+00
712,P008,VANC_TROUGH,Vancomycin trough,8.3,mg/L,2026-03-15 19:27:05.356256+00
713,P008,EGFR,eGFR (CKD-EPI 2021),6,mL/min/1.73m2,2026-04-06 09:12:02.923938+00
714,P008,CREAT,Creatinine,13.11,mg/dL,2026-04-06 09:12:02.923938+00
715,P008,EGFR,eGFR (CKD-EPI 2021),6,mL/min/1.73m2,2026-04-17 09:08:40.681055+00
716,P008,CREAT,Creatinine,12.65,mg/dL,2026-04-17 09:08:40.681055+00
717,P008,EGFR,eGFR (CKD-EPI 2021),5,mL/min/1.73m2,2026-04-20 07:35:22.400398+00
718,P008,CREAT,Creatinine,12.64,mg/dL,2026-04-20 07:35:22.400398+00
719,P008,WBC,White blood cell count,20.1,10^9/L,2026-04-21 06:43:01.814688+00
720,P008,CRP,C-reactive protein,175,mg/L,2026-04-21 06:43:01.814688+00
721,P008,WBC,White blood cell count,23.4,10^9/L,2026-04-22 08:01:39.789465+00
722,P008,CRP,C-reactive protein,74,mg/L,2026-04-22 08:01:39.789465+00
723,P008,K,Potassium,5.5,mmol/L,2026-04-23 05:54:12.758238+00
724,P008,HGB,Hemoglobin,9.8,g/dL,2026-04-23 10:22:38.26919+00
725,P008,LACTATE,Lactate,1.3,mmol/L,2026-04-24 00:12:52.124792+00
726,P008,EGFR,eGFR (CKD-EPI 2021),6,mL/min/1.73m2,2026-04-24 09:17:38.666759+00
727,P008,CREAT,Creatinine,12.59,mg/dL,2026-04-24 09:17:38.666759+00
728,P049,EGFR,eGFR (CKD-EPI 2021),35,mL/min/1.73m2,2026-04-05 08:23:20.62205+00
729,P049,CREAT,Creatinine,2.63,mg/dL,2026-04-05 08:23:20.62205+00
730,P049,EGFR,eGFR (CKD-EPI 2021),37,mL/min/1.73m2,2026-04-13 12:34:23.102982+00
731,P049,CREAT,Creatinine,2.39,mg/dL,2026-04-13 12:34:23.102982+00
732,P049,EGFR,eGFR (CKD-EPI 2021),38,mL/min/1.73m2,2026-04-16 10:55:02.471521+00
733,P049,CREAT,Creatinine,2.37,mg/dL,2026-04-16 10:55:02.471521+00
734,P049,EGFR,eGFR (CKD-EPI 2021),35,mL/min/1.73m2,2026-04-17 09:32:20.670394+00
735,P049,CREAT,Creatinine,2.69,mg/dL,2026-04-17 09:32:20.670394+00
736,P049,EGFR,eGFR (CKD-EPI 2021),38,mL/min/1.73m2,2026-04-20 09:30:34.389128+00
737,P049,CREAT,Creatinine,2.27,mg/dL,2026-04-20 09:30:34.389128+00
738,P049,WBC,White blood cell count,21.6,10^9/L,2026-04-22 11:57:53.761653+00
739,P049,CRP,C-reactive protein,185,mg/L,2026-04-22 11:57:53.761653+00
740,P049,K,Potassium,5.1,mmol/L,2026-04-23 10:00:07.067108+00
741,P049,WBC,White blood cell count,23.6,10^9/L,2026-04-23 12:11:24.583312+00
742,P049,CRP,C-reactive protein,225,mg/L,2026-04-23 12:11:24.583312+00
743,P049,HGB,Hemoglobin,9.9,g/dL,2026-04-23 12:43:39.704955+00
744,P049,LACTATE,Lactate,7.4,mmol/L,2026-04-24 06:32:47.536187+00
745,P049,EGFR,eGFR (CKD-EPI 2021),37,mL/min/1.73m2,2026-04-24 13:41:59.577271+00
746,P049,CREAT,Creatinine,2.32,mg/dL,2026-04-24 13:41:59.577271+00
747,P034,EGFR,eGFR (CKD-EPI 2021),8,mL/min/1.73m2,2026-04-05 12:27:52.283711+00
748,P034,CREAT,Creatinine,10.85,mg/dL,2026-04-05 12:27:52.283711+00
749,P034,EGFR,eGFR (CKD-EPI 2021),8,mL/min/1.73m2,2026-04-08 15:50:01.572805+00
750,P034,CREAT,Creatinine,11.31,mg/dL,2026-04-08 15:50:01.572805+00
751,P034,EGFR,eGFR (CKD-EPI 2021),9,mL/min/1.73m2,2026-04-11 15:25:48.605491+00
752,P034,CREAT,Creatinine,10.05,mg/dL,2026-04-11 15:25:48.605491+00
753,P034,EGFR,eGFR (CKD-EPI 2021),9,mL/min/1.73m2,2026-04-14 15:24:29.128502+00
754,P034,CREAT,Creatinine,9.78,mg/dL,2026-04-14 15:24:29.128502+00
755,P034,WBC,White blood cell count,9.8,10^9/L,2026-04-20 15:43:26.793256+00
756,P034,CRP,C-reactive protein,232,mg/L,2026-04-20 15:43:26.793256+00
757,P034,HGB,Hemoglobin,8.4,g/dL,2026-04-23 13:56:44.662829+00
758,P034,K,Potassium,4.6,mmol/L,2026-04-23 15:38:52.56225+00
759,P034,EGFR,eGFR (CKD-EPI 2021),8,mL/min/1.73m2,2026-04-23 15:57:35.093356+00
760,P034,CREAT,Creatinine,11.44,mg/dL,2026-04-23 15:57:35.093356+00
761,P034,WBC,White blood cell count,10.9,10^9/L,2026-04-23 16:00:18.875955+00
762,P034,CRP,C-reactive protein,249,mg/L,2026-04-23 16:00:18.875955+00
763,P034,EGFR,eGFR (CKD-EPI 2021),7,mL/min/1.73m2,2026-04-24 13:44:54.805659+00
764,P034,CREAT,Creatinine,9.63,mg/dL,2026-04-24 13:44:54.805659+00
765,P034,LACTATE,Lactate,1.9,mmol/L,2026-04-24 14:07:56.784353+00
766,P048,EGFR,eGFR (CKD-EPI 2021),6,mL/min/1.73m2,2026-04-17 02:10:40.892898+00
767,P048,CREAT,Creatinine,12.93,mg/dL,2026-04-17 02:10:40.892898+00
768,P048,EGFR,eGFR (CKD-EPI 2021),6,mL/min/1.73m2,2026-04-20 06:17:04.440229+00
769,P048,CREAT,Creatinine,12.43,mg/dL,2026-04-20 06:17:04.440229+00
770,P048,WBC,White blood cell count,7.4,10^9/L,2026-04-22 07:21:33.706236+00
771,P048,CRP,C-reactive protein,104,mg/L,2026-04-22 07:21:33.706236+00
772,P048,HGB,Hemoglobin,8.4,g/dL,2026-04-25 04:23:20.340251+00
773,P048,K,Potassium,3.9,mmol/L,2026-04-25 06:06:22.691995+00
774,P048,WBC,White blood cell count,9.8,10^9/L,2026-04-25 08:57:04.619587+00
775,P048,CRP,C-reactive protein,225,mg/L,2026-04-25 08:57:04.619587+00
776,P048,EGFR,eGFR (CKD-EPI 2021),6,mL/min/1.73m2,2026-04-25 09:09:29.228307+00
777,P048,CREAT,Creatinine,12.06,mg/dL,2026-04-25 09:09:29.228307+00
778,P048,LACTATE,Lactate,1.3,mmol/L,2026-04-25 17:55:09.971062+00
779,P048,EGFR,eGFR (CKD-EPI 2021),8,mL/min/1.73m2,2026-04-26 08:15:12.209971+00
780,P048,CREAT,Creatinine,11.58,mg/dL,2026-04-26 08:15:12.209971+00
781,P050,VANC_TROUGH,Vancomycin trough,12.5,mg/L,2026-03-21 02:20:11.542696+00
782,P050,EGFR,eGFR (CKD-EPI 2021),7,mL/min/1.73m2,2026-04-05 06:33:35.597272+00
783,P050,CREAT,Creatinine,12.95,mg/dL,2026-04-05 06:33:35.597272+00
784,P050,EGFR,eGFR (CKD-EPI 2021),8,mL/min/1.73m2,2026-04-15 05:12:55.904531+00
785,P050,CREAT,Creatinine,10.93,mg/dL,2026-04-15 05:12:55.904531+00
786,P050,EGFR,eGFR (CKD-EPI 2021),6,mL/min/1.73m2,2026-04-16 04:55:41.745673+00
787,P050,CREAT,Creatinine,11.88,mg/dL,2026-04-16 04:55:41.745673+00
788,P050,WBC,White blood cell count,12.3,10^9/L,2026-04-23 10:21:42.620329+00
789,P050,CRP,C-reactive protein,99,mg/L,2026-04-23 10:21:42.620329+00
790,P050,HGB,Hemoglobin,9.2,g/dL,2026-04-25 05:53:49.849048+00
791,P050,K,Potassium,5.7,mmol/L,2026-04-25 06:04:25.565889+00
792,P050,WBC,White blood cell count,9.9,10^9/L,2026-04-25 06:25:50.420588+00
793,P050,CRP,C-reactive protein,236,mg/L,2026-04-25 06:25:50.420588+00
794,P050,LACTATE,Lactate,1.6,mmol/L,2026-04-25 22:59:15.440435+00
795,P050,EGFR,eGFR (CKD-EPI 2021),6,mL/min/1.73m2,2026-04-26 03:50:14.816955+00
796,P050,CREAT,Creatinine,12.6,mg/dL,2026-04-26 03:50:14.816955+00
797,P011,EGFR,eGFR (CKD-EPI 2021),6,mL/min/1.73m2,2026-04-07 13:11:26.679526+00
798,P011,CREAT,Creatinine,12.13,mg/dL,2026-04-07 13:11:26.679526+00
799,P011,EGFR,eGFR (CKD-EPI 2021),4,mL/min/1.73m2,2026-04-10 11:31:28.334493+00
800,P011,CREAT,Creatinine,12.05,mg/dL,2026-04-10 11:31:28.334493+00
801,P011,EGFR,eGFR (CKD-EPI 2021),5,mL/min/1.73m2,2026-04-16 13:06:50.788876+00
802,P011,CREAT,Creatinine,12.57,mg/dL,2026-04-16 13:06:50.788876+00
803,P011,EGFR,eGFR (CKD-EPI 2021),6,mL/min/1.73m2,2026-04-24 06:41:36.608144+00
804,P011,CREAT,Creatinine,12.81,mg/dL,2026-04-24 06:41:36.608144+00
805,P011,WBC,White blood cell count,10.5,10^9/L,2026-04-24 13:07:07.609436+00
806,P011,CRP,C-reactive protein,137,mg/L,2026-04-24 13:07:07.609436+00
807,P011,WBC,White blood cell count,8.8,10^9/L,2026-04-27 10:20:02.9658+00
808,P011,CRP,C-reactive protein,96,mg/L,2026-04-27 10:20:02.9658+00
809,P011,HGB,Hemoglobin,8.7,g/dL,2026-04-27 11:30:10.020453+00
810,P011,K,Potassium,3.7,mmol/L,2026-04-27 14:49:53.893786+00
811,P011,LACTATE,Lactate,1.1,mmol/L,2026-04-27 22:34:10.620457+00
812,P011,EGFR,eGFR (CKD-EPI 2021),5,mL/min/1.73m2,2026-04-28 11:18:21.088071+00
813,P011,CREAT,Creatinine,12.45,mg/dL,2026-04-28 11:18:21.088071+00
814,P018,EGFR,eGFR (CKD-EPI 2021),4,mL/min/1.73m2,2026-04-13 06:05:35.050157+00
815,P018,CREAT,Creatinine,12.55,mg/dL,2026-04-13 06:05:35.050157+00
816,P018,EGFR,eGFR (CKD-EPI 2021),4,mL/min/1.73m2,2026-04-20 00:43:57.826859+00
817,P018,CREAT,Creatinine,12.99,mg/dL,2026-04-20 00:43:57.826859+00
818,P018,EGFR,eGFR (CKD-EPI 2021),4,mL/min/1.73m2,2026-04-26 02:26:48.105762+00
819,P018,CREAT,Creatinine,12.01,mg/dL,2026-04-26 02:26:48.105762+00
820,P018,EGFR,eGFR (CKD-EPI 2021),7,mL/min/1.73m2,2026-04-27 01:29:20.31586+00
821,P018,CREAT,Creatinine,11.88,mg/dL,2026-04-27 01:29:20.31586+00
822,P018,WBC,White blood cell count,8.7,10^9/L,2026-04-27 06:16:58.850892+00
823,P018,CRP,C-reactive protein,115,mg/L,2026-04-27 06:16:58.850892+00
824,P018,K,Potassium,4.8,mmol/L,2026-04-28 06:36:29.589149+00
825,P018,CK,Creatine kinase,156,U/L,2026-04-28 08:28:27.301299+00
826,P018,HGB,Hemoglobin,9.9,g/dL,2026-04-28 08:52:15.651728+00
827,P018,LACTATE,Lactate,1.7,mmol/L,2026-04-29 02:07:21.303066+00
828,P018,WBC,White blood cell count,14.6,10^9/L,2026-04-29 04:19:47.226841+00
829,P018,CRP,C-reactive protein,133,mg/L,2026-04-29 04:19:47.226841+00
830,P018,EGFR,eGFR (CKD-EPI 2021),6,mL/min/1.73m2,2026-04-29 05:30:32.172201+00
831,P018,CREAT,Creatinine,13.04,mg/dL,2026-04-29 05:30:32.172201+00
832,P027,EGFR,eGFR (CKD-EPI 2021),35,mL/min/1.73m2,2026-04-10 13:40:55.188128+00
833,P027,CREAT,Creatinine,2.6,mg/dL,2026-04-10 13:40:55.188128+00
834,P027,EGFR,eGFR (CKD-EPI 2021),38,mL/min/1.73m2,2026-04-13 13:03:41.50283+00
835,P027,CREAT,Creatinine,2.43,mg/dL,2026-04-13 13:03:41.50283+00
836,P027,EGFR,eGFR (CKD-EPI 2021),37,mL/min/1.73m2,2026-04-18 07:49:25.518712+00
837,P027,CREAT,Creatinine,2.41,mg/dL,2026-04-18 07:49:25.518712+00
838,P027,WBC,White blood cell count,12.6,10^9/L,2026-04-27 11:14:17.541851+00
839,P027,CRP,C-reactive protein,149,mg/L,2026-04-27 11:14:17.541851+00
840,P027,WBC,White blood cell count,8.3,10^9/L,2026-04-28 11:42:54.814357+00
841,P027,CRP,C-reactive protein,222,mg/L,2026-04-28 11:42:54.814357+00
842,P027,K,Potassium,4.3,mmol/L,2026-04-30 10:05:20.174658+00
843,P027,EGFR,eGFR (CKD-EPI 2021),36,mL/min/1.73m2,2026-04-30 12:50:28.845725+00
844,P027,CREAT,Creatinine,2.42,mg/dL,2026-04-30 12:50:28.845725+00
845,P027,HGB,Hemoglobin,11.4,g/dL,2026-04-30 14:43:34.343711+00
846,P027,EGFR,eGFR (CKD-EPI 2021),37,mL/min/1.73m2,2026-05-01 07:58:17.445301+00
847,P027,CREAT,Creatinine,2.35,mg/dL,2026-05-01 07:58:17.445301+00
848,P027,LACTATE,Lactate,1.6,mmol/L,2026-05-01 12:12:44.638122+00
849,P006,EGFR,eGFR (CKD-EPI 2021),9,mL/min/1.73m2,2026-04-12 12:32:03.894358+00
850,P006,CREAT,Creatinine,9.84,mg/dL,2026-04-12 12:32:03.894358+00
851,P006,EGFR,eGFR (CKD-EPI 2021),6,mL/min/1.73m2,2026-04-20 13:11:00.468129+00
852,P006,CREAT,Creatinine,12.29,mg/dL,2026-04-20 13:11:00.468129+00
853,P006,EGFR,eGFR (CKD-EPI 2021),9,mL/min/1.73m2,2026-04-22 07:56:50.974589+00
854,P006,CREAT,Creatinine,9.55,mg/dL,2026-04-22 07:56:50.974589+00
855,P006,WBC,White blood cell count,19.7,10^9/L,2026-04-27 16:00:37.775211+00
856,P006,CRP,C-reactive protein,190,mg/L,2026-04-27 16:00:37.775211+00
857,P006,WBC,White blood cell count,23.7,10^9/L,2026-04-28 14:47:57.617172+00
858,P006,CRP,C-reactive protein,211,mg/L,2026-04-28 14:47:57.617172+00
859,P006,HGB,Hemoglobin,11.3,g/dL,2026-04-30 12:13:32.528942+00
860,P006,K,Potassium,4.2,mmol/L,2026-04-30 14:34:35.757828+00
861,P006,EGFR,eGFR (CKD-EPI 2021),8,mL/min/1.73m2,2026-05-01 09:12:29.681173+00
862,P006,CREAT,Creatinine,12.97,mg/dL,2026-05-01 09:12:29.681173+00
863,P006,LACTATE,Lactate,3.7,mmol/L,2026-05-01 12:38:49.853797+00
864,P037,EGFR,eGFR (CKD-EPI 2021),22,mL/min/1.73m2,2026-04-16 06:02:14.354854+00
865,P037,CREAT,Creatinine,4.24,mg/dL,2026-04-16 06:02:14.354854+00
866,P037,EGFR,eGFR (CKD-EPI 2021),21,mL/min/1.73m2,2026-04-23 00:15:00.235569+00
867,P037,CREAT,Creatinine,4.08,mg/dL,2026-04-23 00:15:00.235569+00
868,P037,EGFR,eGFR (CKD-EPI 2021),21,mL/min/1.73m2,2026-04-26 05:16:58.40394+00
869,P037,CREAT,Creatinine,4.11,mg/dL,2026-04-26 05:16:58.40394+00
870,P037,EGFR,eGFR (CKD-EPI 2021),21,mL/min/1.73m2,2026-04-30 06:34:34.079738+00
871,P037,CREAT,Creatinine,4.21,mg/dL,2026-04-30 06:34:34.079738+00
872,P037,WBC,White blood cell count,12.5,10^9/L,2026-04-30 07:20:36.890814+00
873,P037,CRP,C-reactive protein,204,mg/L,2026-04-30 07:20:36.890814+00
874,P037,HGB,Hemoglobin,9.7,g/dL,2026-05-01 03:46:45.501447+00
875,P037,K,Potassium,4.4,mmol/L,2026-05-01 03:55:07.336587+00
876,P037,EGFR,eGFR (CKD-EPI 2021),20,mL/min/1.73m2,2026-05-01 04:07:13.680546+00
877,P037,CREAT,Creatinine,4.67,mg/dL,2026-05-01 04:07:13.680546+00
878,P037,WBC,White blood cell count,12.7,10^9/L,2026-05-01 08:11:01.244115+00
879,P037,CRP,C-reactive protein,119,mg/L,2026-05-01 08:11:01.244115+00
880,P037,EGFR,eGFR (CKD-EPI 2021),20,mL/min/1.73m2,2026-05-02 02:46:00.936601+00
881,P037,CREAT,Creatinine,4.05,mg/dL,2026-05-02 02:46:00.936601+00
882,P037,LACTATE,Lactate,1.2,mmol/L,2026-05-02 05:54:36.589108+00
883,P002,EGFR,eGFR (CKD-EPI 2021),7,mL/min/1.73m2,2026-04-17 08:34:17.855375+00
884,P002,CREAT,Creatinine,12.4,mg/dL,2026-04-17 08:34:17.855375+00
885,P002,EGFR,eGFR (CKD-EPI 2021),6,mL/min/1.73m2,2026-04-21 05:51:16.703926+00
886,P002,CREAT,Creatinine,12.57,mg/dL,2026-04-21 05:51:16.703926+00
887,P002,EGFR,eGFR (CKD-EPI 2021),8,mL/min/1.73m2,2026-04-25 07:55:32.156541+00
888,P002,CREAT,Creatinine,11.37,mg/dL,2026-04-25 07:55:32.156541+00
889,P002,EGFR,eGFR (CKD-EPI 2021),6,mL/min/1.73m2,2026-04-30 06:55:04.545957+00
890,P002,CREAT,Creatinine,12.67,mg/dL,2026-04-30 06:55:04.545957+00
891,P002,WBC,White blood cell count,11.7,10^9/L,2026-04-30 09:38:38.632056+00
892,P002,CRP,C-reactive protein,199,mg/L,2026-04-30 09:38:38.632056+00
893,P002,EGFR,eGFR (CKD-EPI 2021),8,mL/min/1.73m2,2026-05-01 07:27:09.060661+00
894,P002,CREAT,Creatinine,11.27,mg/dL,2026-05-01 07:27:09.060661+00
895,P002,WBC,White blood cell count,14.4,10^9/L,2026-05-01 08:22:17.376024+00
896,P002,CRP,C-reactive protein,223,mg/L,2026-05-01 08:22:17.376024+00
897,P002,K,Potassium,5.3,mmol/L,2026-05-02 11:22:02.592512+00
898,P002,HGB,Hemoglobin,11.5,g/dL,2026-05-02 12:22:59.193716+00
899,P002,LACTATE,Lactate,1.1,mmol/L,2026-05-02 22:59:10.446385+00
900,P002,CK,Creatine kinase,106,U/L,2026-05-03 07:11:33.257848+00
901,P002,EGFR,eGFR (CKD-EPI 2021),6,mL/min/1.73m2,2026-05-03 08:33:04.937133+00
902,P002,CREAT,Creatinine,12.17,mg/dL,2026-05-03 08:33:04.937133+00
903,P039,EGFR,eGFR (CKD-EPI 2021),10,mL/min/1.73m2,2026-04-21 02:58:27.615826+00
904,P039,CREAT,Creatinine,9.31,mg/dL,2026-04-21 02:58:27.615826+00
905,P039,EGFR,eGFR (CKD-EPI 2021),11,mL/min/1.73m2,2026-04-22 00:50:53.132162+00
906,P039,CREAT,Creatinine,8.15,mg/dL,2026-04-22 00:50:53.132162+00
907,P039,EGFR,eGFR (CKD-EPI 2021),9,mL/min/1.73m2,2026-05-04 23:22:11.559836+00
908,P039,CREAT,Creatinine,9.66,mg/dL,2026-05-04 23:22:11.559836+00
909,P039,WBC,White blood cell count,10.2,10^9/L,2026-05-06 07:03:43.044642+00
910,P039,CRP,C-reactive protein,211,mg/L,2026-05-06 07:03:43.044642+00
911,P039,EGFR,eGFR (CKD-EPI 2021),8,mL/min/1.73m2,2026-05-07 04:05:31.032137+00
912,P039,CREAT,Creatinine,10.88,mg/dL,2026-05-07 04:05:31.032137+00
913,P039,EGFR,eGFR (CKD-EPI 2021),10,mL/min/1.73m2,2026-05-08 03:10:13.309093+00
914,P039,CREAT,Creatinine,8.79,mg/dL,2026-05-08 03:10:13.309093+00
915,P039,WBC,White blood cell count,14.8,10^9/L,2026-05-08 03:46:59.719246+00
916,P039,CRP,C-reactive protein,86,mg/L,2026-05-08 03:46:59.719246+00
917,P039,K,Potassium,5.7,mmol/L,2026-05-08 05:56:33.030812+00
918,P039,HGB,Hemoglobin,10.8,g/dL,2026-05-08 08:30:16.838721+00
919,P039,CK,Creatine kinase,166,U/L,2026-05-08 17:31:10.518852+00
920,P039,LACTATE,Lactate,1.9,mmol/L,2026-05-08 21:33:38.168821+00
921,P039,EGFR,eGFR (CKD-EPI 2021),8,mL/min/1.73m2,2026-05-08 23:34:14.449663+00
922,P039,CREAT,Creatinine,8.06,mg/dL,2026-05-08 23:34:14.449663+00
923,P004,EGFR,eGFR (CKD-EPI 2021),25,mL/min/1.73m2,2026-04-21 01:53:53.949896+00
924,P004,CREAT,Creatinine,3.46,mg/dL,2026-04-21 01:53:53.949896+00
925,P004,EGFR,eGFR (CKD-EPI 2021),27,mL/min/1.73m2,2026-04-27 22:30:21.03703+00
926,P004,CREAT,Creatinine,3.26,mg/dL,2026-04-27 22:30:21.03703+00
927,P004,EGFR,eGFR (CKD-EPI 2021),27,mL/min/1.73m2,2026-05-05 01:09:28.155011+00
928,P004,CREAT,Creatinine,3.2,mg/dL,2026-05-05 01:09:28.155011+00
929,P004,EGFR,eGFR (CKD-EPI 2021),25,mL/min/1.73m2,2026-05-06 04:20:44.599381+00
930,P004,CREAT,Creatinine,3.52,mg/dL,2026-05-06 04:20:44.599381+00
931,P004,WBC,White blood cell count,11.3,10^9/L,2026-05-07 02:10:14.043354+00
932,P004,CRP,C-reactive protein,254,mg/L,2026-05-07 02:10:14.043354+00
933,P004,WBC,White blood cell count,7.2,10^9/L,2026-05-08 03:12:26.913923+00
934,P004,CRP,C-reactive protein,159,mg/L,2026-05-08 03:12:26.913923+00
935,P004,HGB,Hemoglobin,9.7,g/dL,2026-05-09 03:38:11.359417+00
936,P004,K,Potassium,5.4,mmol/L,2026-05-09 06:33:50.3707+00
937,P004,LACTATE,Lactate,1.8,mmol/L,2026-05-09 20:10:10.941666+00
938,P004,EGFR,eGFR (CKD-EPI 2021),24,mL/min/1.73m2,2026-05-10 04:44:49.385702+00
939,P004,CREAT,Creatinine,3.86,mg/dL,2026-05-10 04:44:49.385702+00
940,P032,VANC_TROUGH,Vancomycin trough,8.9,mg/L,2026-04-18 06:12:02.000507+00
941,P032,EGFR,eGFR (CKD-EPI 2021),5,mL/min/1.73m2,2026-04-26 14:08:53.514973+00
942,P032,CREAT,Creatinine,12.23,mg/dL,2026-04-26 14:08:53.514973+00
943,P032,EGFR,eGFR (CKD-EPI 2021),6,mL/min/1.73m2,2026-05-03 11:05:22.249507+00
944,P032,CREAT,Creatinine,12.27,mg/dL,2026-05-03 11:05:22.249507+00
945,P032,EGFR,eGFR (CKD-EPI 2021),6,mL/min/1.73m2,2026-05-09 15:25:59.620419+00
946,P032,CREAT,Creatinine,13,mg/dL,2026-05-09 15:25:59.620419+00
947,P032,WBC,White blood cell count,7.7,10^9/L,2026-05-13 14:09:07.827872+00
948,P032,CRP,C-reactive protein,233,mg/L,2026-05-13 14:09:07.827872+00
949,P032,WBC,White blood cell count,14.5,10^9/L,2026-05-14 14:02:30.629388+00
950,P032,CRP,C-reactive protein,195,mg/L,2026-05-14 14:02:30.629388+00
951,P032,HGB,Hemoglobin,11,g/dL,2026-05-15 10:18:33.617062+00
952,P032,K,Potassium,4.5,mmol/L,2026-05-15 11:28:56.268316+00
953,P032,LACTATE,Lactate,1.3,mmol/L,2026-05-16 12:00:09.274199+00
954,P032,EGFR,eGFR (CKD-EPI 2021),7,mL/min/1.73m2,2026-05-16 12:02:12.494501+00
955,P032,CREAT,Creatinine,12.78,mg/dL,2026-05-16 12:02:12.494501+00
956,P001,EGFR,eGFR (CKD-EPI 2021),6,mL/min/1.73m2,2026-05-02 02:00:09.261384+00
957,P001,CREAT,Creatinine,12.85,mg/dL,2026-05-02 02:00:09.261384+00
958,P001,EGFR,eGFR (CKD-EPI 2021),7,mL/min/1.73m2,2026-05-13 05:55:10.581422+00
959,P001,CREAT,Creatinine,12.77,mg/dL,2026-05-13 05:55:10.581422+00
960,P001,EGFR,eGFR (CKD-EPI 2021),5,mL/min/1.73m2,2026-05-17 01:48:40.077994+00
961,P001,CREAT,Creatinine,12.18,mg/dL,2026-05-17 01:48:40.077994+00
962,P001,WBC,White blood cell count,20.5,10^9/L,2026-05-20 04:18:21.024415+00
963,P001,CRP,C-reactive protein,153,mg/L,2026-05-20 04:18:21.024415+00
964,P001,HGB,Hemoglobin,8.3,g/dL,2026-05-21 02:43:00.662273+00
965,P001,EGFR,eGFR (CKD-EPI 2021),6,mL/min/1.73m2,2026-05-21 03:52:06.898079+00
966,P001,CREAT,Creatinine,12.19,mg/dL,2026-05-21 03:52:06.898079+00
967,P001,WBC,White blood cell count,18.2,10^9/L,2026-05-21 05:07:07.877806+00
968,P001,CRP,C-reactive protein,65,mg/L,2026-05-21 05:07:07.877806+00
969,P001,K,Potassium,4.3,mmol/L,2026-05-21 06:13:28.870261+00
970,P001,LACTATE,Lactate,1.2,mmol/L,2026-05-21 16:54:47.984921+00
971,P001,EGFR,eGFR (CKD-EPI 2021),8,mL/min/1.73m2,2026-05-22 07:53:29.917564+00
972,P001,CREAT,Creatinine,11.88,mg/dL,2026-05-22 07:53:29.917564+00
973,P044,EGFR,eGFR (CKD-EPI 2021),37,mL/min/1.73m2,2026-05-11 10:52:15.765439+00
974,P044,CREAT,Creatinine,2.35,mg/dL,2026-05-11 10:52:15.765439+00
975,P044,EGFR,eGFR (CKD-EPI 2021),38,mL/min/1.73m2,2026-05-18 10:16:28.537416+00
976,P044,CREAT,Creatinine,2.28,mg/dL,2026-05-18 10:16:28.537416+00
977,P044,EGFR,eGFR (CKD-EPI 2021),36,mL/min/1.73m2,2026-05-19 07:10:51.991617+00
978,P044,CREAT,Creatinine,2.59,mg/dL,2026-05-19 07:10:51.991617+00
979,P044,EGFR,eGFR (CKD-EPI 2021),35,mL/min/1.73m2,2026-05-20 12:17:44.372542+00
980,P044,CREAT,Creatinine,2.66,mg/dL,2026-05-20 12:17:44.372542+00
981,P044,WBC,White blood cell count,13.4,10^9/L,2026-05-20 13:58:27.315731+00
982,P044,CRP,C-reactive protein,43,mg/L,2026-05-20 13:58:27.315731+00
983,P044,EGFR,eGFR (CKD-EPI 2021),35,mL/min/1.73m2,2026-05-21 08:08:19.447011+00
984,P044,CREAT,Creatinine,2.61,mg/dL,2026-05-21 08:08:19.447011+00
985,P044,WBC,White blood cell count,7.8,10^9/L,2026-05-22 12:50:58.187197+00
986,P044,CRP,C-reactive protein,258,mg/L,2026-05-22 12:50:58.187197+00
987,P044,K,Potassium,4,mmol/L,2026-05-23 13:03:04.843199+00
988,P044,HGB,Hemoglobin,8.5,g/dL,2026-05-23 15:03:59.751037+00
989,P044,CK,Creatine kinase,64,U/L,2026-05-23 16:33:15.037005+00
990,P044,LACTATE,Lactate,0.9,mmol/L,2026-05-23 23:09:46.387626+00
991,P044,EGFR,eGFR (CKD-EPI 2021),37,mL/min/1.73m2,2026-05-24 09:14:47.519205+00
992,P044,CREAT,Creatinine,2.65,mg/dL,2026-05-24 09:14:47.519205+00
993,P003,EGFR,eGFR (CKD-EPI 2021),6,mL/min/1.73m2,2026-05-03 17:10:16.387429+00
994,P003,CREAT,Creatinine,12.82,mg/dL,2026-05-03 17:10:16.387429+00
995,P003,EGFR,eGFR (CKD-EPI 2021),7,mL/min/1.73m2,2026-05-04 19:40:03.819939+00
996,P003,CREAT,Creatinine,12.09,mg/dL,2026-05-04 19:40:03.819939+00
997,P003,EGFR,eGFR (CKD-EPI 2021),4,mL/min/1.73m2,2026-05-07 15:18:35.65605+00
998,P003,CREAT,Creatinine,12.56,mg/dL,2026-05-07 15:18:35.65605+00
999,P003,EGFR,eGFR (CKD-EPI 2021),4,mL/min/1.73m2,2026-05-12 20:43:27.597588+00
1000,P003,CREAT,Creatinine,12.81,mg/dL,2026-05-12 20:43:27.597588+00
1001,P003,EGFR,eGFR (CKD-EPI 2021),5,mL/min/1.73m2,2026-05-16 14:08:44.237086+00
1002,P003,CREAT,Creatinine,12.76,mg/dL,2026-05-16 14:08:44.237086+00
1003,P003,WBC,White blood cell count,11.8,10^9/L,2026-05-22 20:23:14.257176+00
1004,P003,CRP,C-reactive protein,212,mg/L,2026-05-22 20:23:14.257176+00
1005,P003,HGB,Hemoglobin,11.4,g/dL,2026-05-23 16:03:25.042903+00
1006,P003,CK,Creatine kinase,153,U/L,2026-05-23 22:10:32.265867+00
1007,P003,K,Potassium,3.7,mmol/L,2026-05-23 23:15:29.576731+00
1008,P003,LACTATE,Lactate,1.3,mmol/L,2026-05-24 04:13:40.060324+00
1009,P003,EGFR,eGFR (CKD-EPI 2021),7,mL/min/1.73m2,2026-05-24 18:45:56.688933+00
1010,P003,CREAT,Creatinine,12.1,mg/dL,2026-05-24 18:45:56.688933+00
1011,P003,WBC,White blood cell count,14,10^9/L,2026-05-24 21:52:06.146815+00
1012,P003,CRP,C-reactive protein,177,mg/L,2026-05-24 21:52:06.146815+00
1013,P040,EGFR,eGFR (CKD-EPI 2021),4,mL/min/1.73m2,2026-05-07 03:37:18.267508+00
1014,P040,CREAT,Creatinine,13.12,mg/dL,2026-05-07 03:37:18.267508+00
1015,P040,EGFR,eGFR (CKD-EPI 2021),5,mL/min/1.73m2,2026-05-15 05:40:37.731775+00
1016,P040,CREAT,Creatinine,12.94,mg/dL,2026-05-15 05:40:37.731775+00
1017,P040,EGFR,eGFR (CKD-EPI 2021),4,mL/min/1.73m2,2026-05-17 22:48:37.768345+00
1018,P040,CREAT,Creatinine,11.88,mg/dL,2026-05-17 22:48:37.768345+00
1019,P040,WBC,White blood cell count,12.7,10^9/L,2026-05-25 07:16:35.487499+00
1020,P040,CRP,C-reactive protein,84,mg/L,2026-05-25 07:16:35.487499+00
1021,P040,K,Potassium,4.3,mmol/L,2026-05-27 01:21:42.348955+00
1022,P040,HGB,Hemoglobin,9.6,g/dL,2026-05-27 02:56:17.453001+00
1023,P040,CK,Creatine kinase,70,U/L,2026-05-27 05:14:28.039577+00
1024,P040,LACTATE,Lactate,1.4,mmol/L,2026-05-27 12:41:13.935379+00
1025,P040,EGFR,eGFR (CKD-EPI 2021),6,mL/min/1.73m2,2026-05-28 01:45:20.416471+00
1026,P040,CREAT,Creatinine,12.69,mg/dL,2026-05-28 01:45:20.416471+00
1027,P040,WBC,White blood cell count,7.4,10^9/L,2026-05-28 04:28:01.568338+00
1028,P040,CRP,C-reactive protein,99,mg/L,2026-05-28 04:28:01.568338+00
1029,P038,VANC_TROUGH,Vancomycin trough,14.8,mg/L,2026-04-11 03:33:37.982101+00
1030,P038,EGFR,eGFR (CKD-EPI 2021),11,mL/min/1.73m2,2026-05-09 07:21:02.089207+00
1031,P038,CREAT,Creatinine,8.11,mg/dL,2026-05-09 07:21:02.089207+00
1032,P038,EGFR,eGFR (CKD-EPI 2021),9,mL/min/1.73m2,2026-05-17 03:48:30.154026+00
1033,P038,CREAT,Creatinine,9.74,mg/dL,2026-05-17 03:48:30.154026+00
1034,P038,EGFR,eGFR (CKD-EPI 2021),10,mL/min/1.73m2,2026-05-18 05:03:36.538915+00
1035,P038,CREAT,Creatinine,9.23,mg/dL,2026-05-18 05:03:36.538915+00
1036,P038,EGFR,eGFR (CKD-EPI 2021),11,mL/min/1.73m2,2026-05-19 03:45:31.743611+00
1037,P038,CREAT,Creatinine,7.89,mg/dL,2026-05-19 03:45:31.743611+00
1038,P038,EGFR,eGFR (CKD-EPI 2021),9,mL/min/1.73m2,2026-05-23 02:41:20.05764+00
1039,P038,CREAT,Creatinine,10.43,mg/dL,2026-05-23 02:41:20.05764+00
1040,P038,WBC,White blood cell count,23,10^9/L,2026-05-24 06:50:28.418046+00
1041,P038,CRP,C-reactive protein,121,mg/L,2026-05-24 06:50:28.418046+00
1042,P038,WBC,White blood cell count,21,10^9/L,2026-05-25 08:30:52.403478+00
1043,P038,CRP,C-reactive protein,108,mg/L,2026-05-25 08:30:52.403478+00
1044,P038,K,Potassium,4.2,mmol/L,2026-05-27 10:24:00.854145+00
1045,P038,HGB,Hemoglobin,11.1,g/dL,2026-05-27 12:15:30.716155+00
1046,P038,LACTATE,Lactate,1.4,mmol/L,2026-05-28 05:11:12.212887+00
1047,P038,EGFR,eGFR (CKD-EPI 2021),11,mL/min/1.73m2,2026-05-28 07:30:06.06733+00
1048,P038,CREAT,Creatinine,10.16,mg/dL,2026-05-28 07:30:06.06733+00
1049,P026,EGFR,eGFR (CKD-EPI 2021),12,mL/min/1.73m2,2026-05-22 12:32:37.466174+00
1050,P026,CREAT,Creatinine,7.31,mg/dL,2026-05-22 12:32:37.466174+00
1051,P026,EGFR,eGFR (CKD-EPI 2021),12,mL/min/1.73m2,2026-05-25 09:35:19.089801+00
1052,P026,CREAT,Creatinine,7.7,mg/dL,2026-05-25 09:35:19.089801+00
1053,P026,EGFR,eGFR (CKD-EPI 2021),12,mL/min/1.73m2,2026-05-27 10:30:13.038257+00
1054,P026,CREAT,Creatinine,7.74,mg/dL,2026-05-27 10:30:13.038257+00
1055,P026,WBC,White blood cell count,7.3,10^9/L,2026-05-27 14:35:50.84245+00
1056,P026,CRP,C-reactive protein,55,mg/L,2026-05-27 14:35:50.84245+00
1057,P026,K,Potassium,5.4,mmol/L,2026-05-28 15:51:01.000477+00
1058,P026,HGB,Hemoglobin,9.6,g/dL,2026-05-28 16:24:07.431022+00
1059,P026,CK,Creatine kinase,139,U/L,2026-05-29 08:54:01.681875+00
1060,P026,EGFR,eGFR (CKD-EPI 2021),11,mL/min/1.73m2,2026-05-29 09:52:10.360534+00
1061,P026,CREAT,Creatinine,7.34,mg/dL,2026-05-29 09:52:10.360534+00
1062,P026,LACTATE,Lactate,1.6,mmol/L,2026-05-29 10:42:12.523347+00
1063,P026,WBC,White blood cell count,10.4,10^9/L,2026-05-29 15:24:30.220835+00
1064,P026,CRP,C-reactive protein,135,mg/L,2026-05-29 15:24:30.220835+00
1065,P048,EGFR,eGFR (CKD-EPI 2021),5,mL/min/1.73m2,2026-05-15 04:23:28.615148+00
1066,P048,CREAT,Creatinine,12.37,mg/dL,2026-05-15 04:23:28.615148+00
1067,P048,EGFR,eGFR (CKD-EPI 2021),5,mL/min/1.73m2,2026-05-28 23:25:38.619886+00
1068,P048,CREAT,Creatinine,12.99,mg/dL,2026-05-28 23:25:38.619886+00
1069,P048,WBC,White blood cell count,13.6,10^9/L,2026-05-29 05:21:50.939639+00
1070,P048,CRP,C-reactive protein,136,mg/L,2026-05-29 05:21:50.939639+00
1071,P048,EGFR,eGFR (CKD-EPI 2021),6,mL/min/1.73m2,2026-05-30 01:01:58.160767+00
1072,P048,CREAT,Creatinine,12.3,mg/dL,2026-05-30 01:01:58.160767+00
1073,P048,K,Potassium,5,mmol/L,2026-05-31 02:16:20.996966+00
1074,P048,HGB,Hemoglobin,9.1,g/dL,2026-05-31 03:57:47.870289+00
1075,P048,EGFR,eGFR (CKD-EPI 2021),6,mL/min/1.73m2,2026-06-01 01:39:38.877447+00
1076,P048,CREAT,Creatinine,11.46,mg/dL,2026-06-01 01:39:38.877447+00
1077,P048,LACTATE,Lactate,1.4,mmol/L,2026-06-01 03:45:23.497358+00
1078,P048,WBC,White blood cell count,7.2,10^9/L,2026-06-01 05:42:18.868639+00
1079,P048,CRP,C-reactive protein,40,mg/L,2026-06-01 05:42:18.868639+00
1080,P013,EGFR,eGFR (CKD-EPI 2021),24,mL/min/1.73m2,2026-05-11 10:55:46.998585+00
1081,P013,CREAT,Creatinine,3.86,mg/dL,2026-05-11 10:55:46.998585+00
1082,P013,EGFR,eGFR (CKD-EPI 2021),22,mL/min/1.73m2,2026-05-17 09:16:34.323031+00
1083,P013,CREAT,Creatinine,4.05,mg/dL,2026-05-17 09:16:34.323031+00
1084,P013,EGFR,eGFR (CKD-EPI 2021),22,mL/min/1.73m2,2026-05-20 15:44:08.834412+00
1085,P013,CREAT,Creatinine,3.92,mg/dL,2026-05-20 15:44:08.834412+00
1086,P013,EGFR,eGFR (CKD-EPI 2021),23,mL/min/1.73m2,2026-05-24 13:11:34.297536+00
1087,P013,CREAT,Creatinine,3.85,mg/dL,2026-05-24 13:11:34.297536+00
1088,P013,EGFR,eGFR (CKD-EPI 2021),23,mL/min/1.73m2,2026-05-27 15:19:36.691564+00
1089,P013,CREAT,Creatinine,4.02,mg/dL,2026-05-27 15:19:36.691564+00
1090,P013,WBC,White blood cell count,10.4,10^9/L,2026-05-28 16:08:52.405848+00
1091,P013,CRP,C-reactive protein,154,mg/L,2026-05-28 16:08:52.405848+00
1092,P013,K,Potassium,5.1,mmol/L,2026-05-31 13:07:40.670712+00
1093,P013,HGB,Hemoglobin,11.3,g/dL,2026-05-31 17:47:40.18404+00
1094,P013,EGFR,eGFR (CKD-EPI 2021),23,mL/min/1.73m2,2026-06-01 11:35:49.937768+00
1095,P013,CREAT,Creatinine,4.11,mg/dL,2026-06-01 11:35:49.937768+00
1096,P013,WBC,White blood cell count,7.1,10^9/L,2026-06-01 12:19:48.201954+00
1097,P013,CRP,C-reactive protein,256,mg/L,2026-06-01 12:19:48.201954+00
1098,P013,LACTATE,Lactate,1.1,mmol/L,2026-06-01 12:26:11.633188+00
1099,P013,CK,Creatine kinase,148,U/L,2026-06-01 12:42:03.125071+00
1100,P031,EGFR,eGFR (CKD-EPI 2021),25,mL/min/1.73m2,2026-05-12 07:11:16.327783+00
1101,P031,CREAT,Creatinine,3.55,mg/dL,2026-05-12 07:11:16.327783+00
1102,P031,EGFR,eGFR (CKD-EPI 2021),24,mL/min/1.73m2,2026-05-22 00:27:04.424124+00
1103,P031,CREAT,Creatinine,3.73,mg/dL,2026-05-22 00:27:04.424124+00
1104,P031,EGFR,eGFR (CKD-EPI 2021),25,mL/min/1.73m2,2026-05-28 03:10:03.852213+00
1105,P031,CREAT,Creatinine,3.45,mg/dL,2026-05-28 03:10:03.852213+00
1106,P031,WBC,White blood cell count,14.1,10^9/L,2026-05-29 07:00:27.298252+00
1107,P031,CRP,C-reactive protein,216,mg/L,2026-05-29 07:00:27.298252+00
1108,P031,WBC,White blood cell count,7.6,10^9/L,2026-05-30 06:34:59.513849+00
1109,P031,CRP,C-reactive protein,187,mg/L,2026-05-30 06:34:59.513849+00
1110,P031,K,Potassium,5,mmol/L,2026-06-01 06:14:15.65507+00
1111,P031,HGB,Hemoglobin,9.4,g/dL,2026-06-01 07:00:55.161022+00
1112,P031,LACTATE,Lactate,0.8,mmol/L,2026-06-01 17:38:50.201388+00
1113,P031,EGFR,eGFR (CKD-EPI 2021),24,mL/min/1.73m2,2026-06-02 00:54:29.938469+00
1114,P031,CREAT,Creatinine,3.51,mg/dL,2026-06-02 00:54:29.938469+00
1115,P023,VANC_TROUGH,Vancomycin trough,19.2,mg/L,2026-04-21 13:13:27.682223+00
1116,P023,EGFR,eGFR (CKD-EPI 2021),10,mL/min/1.73m2,2026-05-22 08:23:18.74115+00
1117,P023,CREAT,Creatinine,9.15,mg/dL,2026-05-22 08:23:18.74115+00
1118,P023,EGFR,eGFR (CKD-EPI 2021),12,mL/min/1.73m2,2026-05-24 09:55:15.748905+00
1119,P023,CREAT,Creatinine,7.41,mg/dL,2026-05-24 09:55:15.748905+00
1120,P023,EGFR,eGFR (CKD-EPI 2021),13,mL/min/1.73m2,2026-05-27 08:29:03.564648+00
1121,P023,CREAT,Creatinine,6.82,mg/dL,2026-05-27 08:29:03.564648+00
1122,P023,EGFR,eGFR (CKD-EPI 2021),11,mL/min/1.73m2,2026-05-29 12:42:57.560421+00
1123,P023,CREAT,Creatinine,7.8,mg/dL,2026-05-29 12:42:57.560421+00
1124,P023,EGFR,eGFR (CKD-EPI 2021),11,mL/min/1.73m2,2026-06-03 15:15:33.794816+00
1125,P023,CREAT,Creatinine,7.97,mg/dL,2026-06-03 15:15:33.794816+00
1126,P023,WBC,White blood cell count,11,10^9/L,2026-06-05 13:32:50.630329+00
1127,P023,CRP,C-reactive protein,229,mg/L,2026-06-05 13:32:50.630329+00
1128,P023,K,Potassium,3.7,mmol/L,2026-06-06 13:08:56.341434+00
1129,P023,HGB,Hemoglobin,11.5,g/dL,2026-06-06 13:44:04.758042+00
1130,P023,LACTATE,Lactate,1.1,mmol/L,2026-06-07 00:43:43.966659+00
1131,P023,WBC,White blood cell count,14.4,10^9/L,2026-06-07 12:15:57.561725+00
1132,P023,CRP,C-reactive protein,106,mg/L,2026-06-07 12:15:57.561725+00
1133,P023,EGFR,eGFR (CKD-EPI 2021),13,mL/min/1.73m2,2026-06-07 13:56:48.072759+00
1134,P023,CREAT,Creatinine,7.14,mg/dL,2026-06-07 13:56:48.072759+00
1135,P011,EGFR,eGFR (CKD-EPI 2021),6,mL/min/1.73m2,2026-05-29 14:56:58.379416+00
1136,P011,CREAT,Creatinine,13,mg/dL,2026-05-29 14:56:58.379416+00
1137,P011,EGFR,eGFR (CKD-EPI 2021),7,mL/min/1.73m2,2026-06-02 13:48:28.500319+00
1138,P011,CREAT,Creatinine,12.41,mg/dL,2026-06-02 13:48:28.500319+00
1139,P011,EGFR,eGFR (CKD-EPI 2021),8,mL/min/1.73m2,2026-06-08 12:34:47.259801+00
1140,P011,CREAT,Creatinine,11.3,mg/dL,2026-06-08 12:34:47.259801+00
1141,P011,EGFR,eGFR (CKD-EPI 2021),7,mL/min/1.73m2,2026-06-09 15:30:56.554479+00
1142,P011,CREAT,Creatinine,12.37,mg/dL,2026-06-09 15:30:56.554479+00
1143,P011,EGFR,eGFR (CKD-EPI 2021),7,mL/min/1.73m2,2026-06-12 16:41:20.492538+00
1144,P011,CREAT,Creatinine,11.89,mg/dL,2026-06-12 16:41:20.492538+00
1145,P011,WBC,White blood cell count,16.9,10^9/L,2026-06-15 15:40:23.592804+00
1146,P011,CRP,C-reactive protein,130,mg/L,2026-06-15 15:40:23.592804+00
1147,P011,HGB,Hemoglobin,10.4,g/dL,2026-06-17 14:52:59.797886+00
1148,P011,K,Potassium,5.2,mmol/L,2026-06-17 18:06:19.509757+00
1149,P011,LACTATE,Lactate,3.9,mmol/L,2026-06-18 02:21:48.056803+00
1150,P011,EGFR,eGFR (CKD-EPI 2021),4,mL/min/1.73m2,2026-06-18 16:41:03.757295+00
1151,P011,CREAT,Creatinine,11.37,mg/dL,2026-06-18 16:41:03.757295+00
1152,P011,WBC,White blood cell count,19.2,10^9/L,2026-06-18 17:52:55.807154+00
1153,P011,CRP,C-reactive protein,75,mg/L,2026-06-18 17:52:55.807154+00
1154,P019,EGFR,eGFR (CKD-EPI 2021),26,mL/min/1.73m2,2026-05-31 19:31:27.675+00
1155,P019,CREAT,Creatinine,3.59,mg/dL,2026-05-31 19:31:27.675+00
1156,P019,EGFR,eGFR (CKD-EPI 2021),26,mL/min/1.73m2,2026-06-05 19:36:22.150823+00
1157,P019,CREAT,Creatinine,3.4,mg/dL,2026-06-05 19:36:22.150823+00
1158,P019,EGFR,eGFR (CKD-EPI 2021),27,mL/min/1.73m2,2026-06-06 18:12:13.438173+00
1159,P019,CREAT,Creatinine,3.21,mg/dL,2026-06-06 18:12:13.438173+00
1160,P019,EGFR,eGFR (CKD-EPI 2021),24,mL/min/1.73m2,2026-06-08 18:06:36.361407+00
1161,P019,CREAT,Creatinine,3.81,mg/dL,2026-06-08 18:06:36.361407+00
1162,P019,WBC,White blood cell count,18.1,10^9/L,2026-06-15 19:58:26.482845+00
1163,P019,CRP,C-reactive protein,90,mg/L,2026-06-15 19:58:26.482845+00
1164,P019,WBC,White blood cell count,18.5,10^9/L,2026-06-16 19:03:14.8911+00
1165,P019,CRP,C-reactive protein,251,mg/L,2026-06-16 19:03:14.8911+00
1166,P019,K,Potassium,3.6,mmol/L,2026-06-17 15:16:08.717701+00
1167,P019,HGB,Hemoglobin,8.9,g/dL,2026-06-17 20:14:48.343904+00
1168,P019,LACTATE,Lactate,5,mmol/L,2026-06-18 15:29:56.811431+00
1169,P019,EGFR,eGFR (CKD-EPI 2021),24,mL/min/1.73m2,2026-06-18 18:06:10.669353+00
1170,P019,CREAT,Creatinine,3.67,mg/dL,2026-06-18 18:06:10.669353+00
1171,P024,EGFR,eGFR (CKD-EPI 2021),4,mL/min/1.73m2,2026-06-14 08:32:52.289155+00
1172,P024,CREAT,Creatinine,11.96,mg/dL,2026-06-14 08:32:52.289155+00
1173,P024,EGFR,eGFR (CKD-EPI 2021),7,mL/min/1.73m2,2026-06-15 02:56:58.787702+00
1174,P024,CREAT,Creatinine,13.02,mg/dL,2026-06-15 02:56:58.787702+00
1175,P024,EGFR,eGFR (CKD-EPI 2021),5,mL/min/1.73m2,2026-06-19 06:58:24.455406+00
1176,P024,CREAT,Creatinine,12.86,mg/dL,2026-06-19 06:58:24.455406+00
1177,P024,WBC,White blood cell count,10.4,10^9/L,2026-06-21 06:59:24.849708+00
1178,P024,CRP,C-reactive protein,251,mg/L,2026-06-21 06:59:24.849708+00
1179,P024,K,Potassium,5.1,mmol/L,2026-06-23 05:14:57.794898+00
1180,P024,HGB,Hemoglobin,11,g/dL,2026-06-23 08:39:23.074659+00
1181,P024,LACTATE,Lactate,1.5,mmol/L,2026-06-24 01:51:03.157724+00
1182,P024,EGFR,eGFR (CKD-EPI 2021),6,mL/min/1.73m2,2026-06-24 03:27:09.545229+00
1183,P024,CREAT,Creatinine,12.38,mg/dL,2026-06-24 03:27:09.545229+00
1184,P024,WBC,White blood cell count,11.2,10^9/L,2026-06-24 10:27:20.249208+00
1185,P024,CRP,C-reactive protein,175,mg/L,2026-06-24 10:27:20.249208+00
1186,P029,EGFR,eGFR (CKD-EPI 2021),7,mL/min/1.73m2,2026-06-05 09:57:27.488731+00
1187,P029,CREAT,Creatinine,12.55,mg/dL,2026-06-05 09:57:27.488731+00
1188,P029,EGFR,eGFR (CKD-EPI 2021),6,mL/min/1.73m2,2026-06-20 09:24:11.566542+00
1189,P029,CREAT,Creatinine,12.15,mg/dL,2026-06-20 09:24:11.566542+00
1190,P029,EGFR,eGFR (CKD-EPI 2021),5,mL/min/1.73m2,2026-06-23 09:33:06.297916+00
1191,P029,CREAT,Creatinine,12.6,mg/dL,2026-06-23 09:33:06.297916+00
1192,P029,EGFR,eGFR (CKD-EPI 2021),7,mL/min/1.73m2,2026-06-25 12:52:40.195699+00
1193,P029,CREAT,Creatinine,12.56,mg/dL,2026-06-25 12:52:40.195699+00
1194,P029,WBC,White blood cell count,13,10^9/L,2026-06-25 13:43:38.161769+00
1195,P029,CRP,C-reactive protein,220,mg/L,2026-06-25 13:43:38.161769+00
1196,P029,HGB,Hemoglobin,10,g/dL,2026-06-25 14:05:26.196122+00
1197,P029,K,Potassium,4.1,mmol/L,2026-06-25 14:29:52.820847+00
1198,P029,LACTATE,Lactate,1.1,mmol/L,2026-06-26 01:45:51.229511+00
1199,P029,CK,Creatine kinase,203,U/L,2026-06-26 08:29:27.395966+00
1200,P029,WBC,White blood cell count,14.3,10^9/L,2026-06-26 11:27:45.479539+00
1201,P029,CRP,C-reactive protein,242,mg/L,2026-06-26 11:27:45.479539+00
1202,P029,EGFR,eGFR (CKD-EPI 2021),4,mL/min/1.73m2,2026-06-26 11:45:05.726334+00
1203,P029,CREAT,Creatinine,10.7,mg/dL,2026-06-26 11:45:05.726334+00
1204,P014,EGFR,eGFR (CKD-EPI 2021),38,mL/min/1.73m2,2026-06-09 00:06:14.398069+00
1205,P014,CREAT,Creatinine,2.29,mg/dL,2026-06-09 00:06:14.398069+00
1206,P014,EGFR,eGFR (CKD-EPI 2021),37,mL/min/1.73m2,2026-06-11 04:22:48.533147+00
1207,P014,CREAT,Creatinine,2.37,mg/dL,2026-06-11 04:22:48.533147+00
1208,P014,EGFR,eGFR (CKD-EPI 2021),37,mL/min/1.73m2,2026-06-13 02:48:32.95272+00
1209,P014,CREAT,Creatinine,2.44,mg/dL,2026-06-13 02:48:32.95272+00
1210,P014,EGFR,eGFR (CKD-EPI 2021),36,mL/min/1.73m2,2026-06-13 22:27:08.589822+00
1211,P014,CREAT,Creatinine,2.46,mg/dL,2026-06-13 22:27:08.589822+00
1212,P014,EGFR,eGFR (CKD-EPI 2021),38,mL/min/1.73m2,2026-06-27 22:31:50.984633+00
1213,P014,CREAT,Creatinine,2.44,mg/dL,2026-06-27 22:31:50.984633+00
1214,P014,WBC,White blood cell count,9.7,10^9/L,2026-06-28 06:30:08.573686+00
1215,P014,CRP,C-reactive protein,115,mg/L,2026-06-28 06:30:08.573686+00
1216,P014,K,Potassium,4.4,mmol/L,2026-06-29 00:56:14.517006+00
1217,P014,HGB,Hemoglobin,8.2,g/dL,2026-06-29 04:56:01.261711+00
1218,P014,CK,Creatine kinase,173,U/L,2026-06-29 11:13:29.097862+00
1219,P014,LACTATE,Lactate,1.5,mmol/L,2026-06-29 20:58:23.92444+00
1220,P014,WBC,White blood cell count,13.8,10^9/L,2026-06-30 02:50:09.796151+00
1221,P014,CRP,C-reactive protein,132,mg/L,2026-06-30 02:50:09.796151+00
1222,P014,EGFR,eGFR (CKD-EPI 2021),39,mL/min/1.73m2,2026-06-30 03:55:40.939958+00
1223,P014,CREAT,Creatinine,2.28,mg/dL,2026-06-30 03:55:40.939958+00
1224,P043,EGFR,eGFR (CKD-EPI 2021),40,mL/min/1.73m2,2026-06-15 04:03:52.323106+00
1225,P043,CREAT,Creatinine,2.24,mg/dL,2026-06-15 04:03:52.323106+00
1226,P043,EGFR,eGFR (CKD-EPI 2021),38,mL/min/1.73m2,2026-06-17 02:21:53.563478+00
1227,P043,CREAT,Creatinine,2.34,mg/dL,2026-06-17 02:21:53.563478+00
1228,P043,EGFR,eGFR (CKD-EPI 2021),37,mL/min/1.73m2,2026-06-23 03:49:18.407742+00
1229,P043,CREAT,Creatinine,2.38,mg/dL,2026-06-23 03:49:18.407742+00
1230,P043,EGFR,eGFR (CKD-EPI 2021),38,mL/min/1.73m2,2026-06-25 04:32:40.383149+00
1231,P043,CREAT,Creatinine,2.38,mg/dL,2026-06-25 04:32:40.383149+00
1232,P043,WBC,White blood cell count,14,10^9/L,2026-06-28 05:54:05.133657+00
1233,P043,CRP,C-reactive protein,143,mg/L,2026-06-28 05:54:05.133657+00
1234,P043,HGB,Hemoglobin,9.1,g/dL,2026-06-29 06:07:07.799399+00
1235,P043,K,Potassium,4.9,mmol/L,2026-06-29 06:51:37.130941+00
1236,P043,LACTATE,Lactate,0.8,mmol/L,2026-06-29 18:12:53.379453+00
1237,P043,EGFR,eGFR (CKD-EPI 2021),38,mL/min/1.73m2,2026-06-29 23:26:54.822614+00
1238,P043,CREAT,Creatinine,2.27,mg/dL,2026-06-29 23:26:54.822614+00
1239,P043,WBC,White blood cell count,22.9,10^9/L,2026-06-30 05:51:31.006491+00
1240,P043,CRP,C-reactive protein,44,mg/L,2026-06-30 05:51:31.006491+00
1241,P050,EGFR,eGFR (CKD-EPI 2021),7,mL/min/1.73m2,2026-06-09 22:35:32.658706+00
1242,P050,CREAT,Creatinine,12.12,mg/dL,2026-06-09 22:35:32.658706+00
1243,P050,EGFR,eGFR (CKD-EPI 2021),6,mL/min/1.73m2,2026-06-19 00:55:57.244388+00
1244,P050,CREAT,Creatinine,12.22,mg/dL,2026-06-19 00:55:57.244388+00
1245,P050,EGFR,eGFR (CKD-EPI 2021),8,mL/min/1.73m2,2026-06-21 00:50:47.403191+00
1246,P050,CREAT,Creatinine,11.52,mg/dL,2026-06-21 00:50:47.403191+00
1247,P050,WBC,White blood cell count,13,10^9/L,2026-06-27 06:53:25.225049+00
1248,P050,CRP,C-reactive protein,112,mg/L,2026-06-27 06:53:25.225049+00
1249,P050,EGFR,eGFR (CKD-EPI 2021),8,mL/min/1.73m2,2026-06-28 02:45:44.762191+00
1250,P050,CREAT,Creatinine,10.79,mg/dL,2026-06-28 02:45:44.762191+00
1251,P050,K,Potassium,3.7,mmol/L,2026-06-30 07:24:11.33083+00
1252,P050,HGB,Hemoglobin,10.3,g/dL,2026-06-30 07:56:46.569381+00
1253,P050,LACTATE,Lactate,1.8,mmol/L,2026-06-30 20:34:48.130096+00
1254,P050,WBC,White blood cell count,11.3,10^9/L,2026-07-01 03:49:37.543018+00
1255,P050,CRP,C-reactive protein,75,mg/L,2026-07-01 03:49:37.543018+00
1256,P050,EGFR,eGFR (CKD-EPI 2021),5,mL/min/1.73m2,2026-07-01 04:01:02.605137+00
1257,P050,CREAT,Creatinine,12.24,mg/dL,2026-07-01 04:01:02.605137+00
1258,P018,EGFR,eGFR (CKD-EPI 2021),4,mL/min/1.73m2,2026-06-15 05:40:44.430697+00
1259,P018,CREAT,Creatinine,12.66,mg/dL,2026-06-15 05:40:44.430697+00
1260,P018,EGFR,eGFR (CKD-EPI 2021),5,mL/min/1.73m2,2026-06-21 04:37:28.791803+00
1261,P018,CREAT,Creatinine,12.71,mg/dL,2026-06-21 04:37:28.791803+00
1262,P018,EGFR,eGFR (CKD-EPI 2021),4,mL/min/1.73m2,2026-06-21 23:55:50.642481+00
1263,P018,CREAT,Creatinine,12.23,mg/dL,2026-06-21 23:55:50.642481+00
1264,P018,EGFR,eGFR (CKD-EPI 2021),5,mL/min/1.73m2,2026-06-24 02:58:05.248541+00
1265,P018,CREAT,Creatinine,12.32,mg/dL,2026-06-24 02:58:05.248541+00
1266,P018,EGFR,eGFR (CKD-EPI 2021),5,mL/min/1.73m2,2026-06-28 06:45:41.012329+00
1267,P018,CREAT,Creatinine,12.91,mg/dL,2026-06-28 06:45:41.012329+00
1268,P018,WBC,White blood cell count,8.2,10^9/L,2026-07-02 07:06:24.221788+00
1269,P018,CRP,C-reactive protein,218,mg/L,2026-07-02 07:06:24.221788+00
1270,P018,WBC,White blood cell count,8.3,10^9/L,2026-07-03 06:28:17.831882+00
1271,P018,CRP,C-reactive protein,87,mg/L,2026-07-03 06:28:17.831882+00
1272,P018,K,Potassium,5,mmol/L,2026-07-04 03:41:53.035371+00
1273,P018,HGB,Hemoglobin,11.4,g/dL,2026-07-04 05:26:00.645981+00
1274,P018,CK,Creatine kinase,247,U/L,2026-07-05 01:48:15.067271+00
1275,P018,EGFR,eGFR (CKD-EPI 2021),7,mL/min/1.73m2,2026-07-05 02:57:59.154381+00
1276,P018,CREAT,Creatinine,12.65,mg/dL,2026-07-05 02:57:59.154381+00
1277,P018,LACTATE,Lactate,0.9,mmol/L,2026-07-05 04:57:49.418141+00
1278,P010,EGFR,eGFR (CKD-EPI 2021),12,mL/min/1.73m2,2026-06-20 01:46:18.21787+00
1279,P010,CREAT,Creatinine,7.23,mg/dL,2026-06-20 01:46:18.21787+00
1280,P010,EGFR,eGFR (CKD-EPI 2021),9,mL/min/1.73m2,2026-06-23 07:21:14.305509+00
1281,P010,CREAT,Creatinine,10.27,mg/dL,2026-06-23 07:21:14.305509+00
1282,P010,EGFR,eGFR (CKD-EPI 2021),10,mL/min/1.73m2,2026-07-03 01:38:50.440283+00
1283,P010,CREAT,Creatinine,9.09,mg/dL,2026-07-03 01:38:50.440283+00
1284,P010,WBC,White blood cell count,11.8,10^9/L,2026-07-07 07:33:17.704395+00
1285,P010,CRP,C-reactive protein,44,mg/L,2026-07-07 07:33:17.704395+00
1286,P010,K,Potassium,3.9,mmol/L,2026-07-10 06:07:21.452799+00
1287,P010,HGB,Hemoglobin,10.9,g/dL,2026-07-10 09:55:47.267721+00
1288,P010,CK,Creatine kinase,178,U/L,2026-07-10 16:44:14.118341+00
1289,P010,LACTATE,Lactate,1.8,mmol/L,2026-07-11 00:58:44.318174+00
1290,P010,EGFR,eGFR (CKD-EPI 2021),11,mL/min/1.73m2,2026-07-11 04:54:09.913139+00
1291,P010,CREAT,Creatinine,7.76,mg/dL,2026-07-11 04:54:09.913139+00
1292,P010,WBC,White blood cell count,9.9,10^9/L,2026-07-11 05:54:56.57447+00
1293,P010,CRP,C-reactive protein,207,mg/L,2026-07-11 05:54:56.57447+00
1294,P032,VANC_TROUGH,Vancomycin trough,10.3,mg/L,2026-06-07 11:31:32.245976+00
1295,P032,EGFR,eGFR (CKD-EPI 2021),4,mL/min/1.73m2,2026-06-28 09:04:56.022132+00
1296,P032,CREAT,Creatinine,12.86,mg/dL,2026-06-28 09:04:56.022132+00
1297,P032,EGFR,eGFR (CKD-EPI 2021),6,mL/min/1.73m2,2026-07-04 06:45:06.831108+00
1298,P032,CREAT,Creatinine,12.47,mg/dL,2026-07-04 06:45:06.831108+00
1299,P032,EGFR,eGFR (CKD-EPI 2021),6,mL/min/1.73m2,2026-07-07 10:58:45.736824+00
1300,P032,CREAT,Creatinine,12,mg/dL,2026-07-07 10:58:45.736824+00
1301,P032,WBC,White blood cell count,7.1,10^9/L,2026-07-12 13:39:06.802865+00
1302,P032,CRP,C-reactive protein,256,mg/L,2026-07-12 13:39:06.802865+00
1303,P032,K,Potassium,5.8,mmol/L,2026-07-13 08:45:59.921282+00
1304,P032,HGB,Hemoglobin,10.7,g/dL,2026-07-13 09:36:43.600699+00
1305,P032,LACTATE,Lactate,1.3,mmol/L,2026-07-14 06:18:42.439873+00
1306,P032,EGFR,eGFR (CKD-EPI 2021),4,mL/min/1.73m2,2026-07-14 13:40:50.611613+00
1307,P032,CREAT,Creatinine,12.42,mg/dL,2026-07-14 13:40:50.611613+00
1308,P032,WBC,White blood cell count,14.7,10^9/L,2026-07-14 14:04:38.042707+00
1309,P032,CRP,C-reactive protein,44,mg/L,2026-07-14 14:04:38.042707+00
1310,P037,EGFR,eGFR (CKD-EPI 2021),23,mL/min/1.73m2,2026-06-25 01:21:59.069951+00
1311,P037,CREAT,Creatinine,4.03,mg/dL,2026-06-25 01:21:59.069951+00
1312,P037,EGFR,eGFR (CKD-EPI 2021),20,mL/min/1.73m2,2026-07-07 03:46:24.118299+00
1313,P037,CREAT,Creatinine,4.57,mg/dL,2026-07-07 03:46:24.118299+00
1314,P037,EGFR,eGFR (CKD-EPI 2021),21,mL/min/1.73m2,2026-07-11 00:05:37.936094+00
1315,P037,CREAT,Creatinine,4.17,mg/dL,2026-07-11 00:05:37.936094+00
1316,P037,WBC,White blood cell count,14.1,10^9/L,2026-07-13 04:26:59.908689+00
1317,P037,CRP,C-reactive protein,221,mg/L,2026-07-13 04:26:59.908689+00
1318,P037,EGFR,eGFR (CKD-EPI 2021),21,mL/min/1.73m2,2026-07-14 01:38:33.139744+00
1319,P037,CREAT,Creatinine,4.37,mg/dL,2026-07-14 01:38:33.139744+00
1320,P037,EGFR,eGFR (CKD-EPI 2021),23,mL/min/1.73m2,2026-07-14 21:11:10.95714+00
1321,P037,CREAT,Creatinine,3.74,mg/dL,2026-07-14 21:11:10.95714+00
1322,P037,WBC,White blood cell count,14.8,10^9/L,2026-07-15 02:37:12.876074+00
1323,P037,CRP,C-reactive protein,43,mg/L,2026-07-15 02:37:12.876074+00
1324,P037,K,Potassium,4.2,mmol/L,2026-07-15 04:23:26.270494+00
1325,P037,HGB,Hemoglobin,9.8,g/dL,2026-07-15 05:26:48.671935+00
1326,P037,CK,Creatine kinase,160,U/L,2026-07-15 22:48:01.120739+00
1327,P037,LACTATE,Lactate,1.4,mmol/L,2026-07-15 23:11:57.508085+00
1328,P037,EGFR,eGFR (CKD-EPI 2021),21,mL/min/1.73m2,2026-07-16 01:08:39.530167+00
1329,P037,CREAT,Creatinine,4.49,mg/dL,2026-07-16 01:08:39.530167+00
1330,P026,EGFR,eGFR (CKD-EPI 2021),12,mL/min/1.73m2,2026-07-04 12:53:45.099799+00
1331,P026,CREAT,Creatinine,7.31,mg/dL,2026-07-04 12:53:45.099799+00
1332,P026,EGFR,eGFR (CKD-EPI 2021),10,mL/min/1.73m2,2026-07-06 13:55:06.365618+00
1333,P026,CREAT,Creatinine,8.72,mg/dL,2026-07-06 13:55:06.365618+00
1334,P026,EGFR,eGFR (CKD-EPI 2021),11,mL/min/1.73m2,2026-07-19 12:15:28.476055+00
1335,P026,CREAT,Creatinine,8.05,mg/dL,2026-07-19 12:15:28.476055+00
1336,P026,EGFR,eGFR (CKD-EPI 2021),12,mL/min/1.73m2,2026-07-20 12:52:07.389749+00
1337,P026,CREAT,Creatinine,7.3,mg/dL,2026-07-20 12:52:07.389749+00
1338,P026,WBC,White blood cell count,9.7,10^9/L,2026-07-21 15:19:10.818579+00
1339,P026,CRP,C-reactive protein,139,mg/L,2026-07-21 15:19:10.818579+00
1340,P026,WBC,White blood cell count,12.6,10^9/L,2026-07-23 15:36:45.582309+00
1341,P026,CRP,C-reactive protein,164,mg/L,2026-07-23 15:36:45.582309+00
1342,P026,HGB,Hemoglobin,10.6,g/dL,2026-07-24 17:46:01.637879+00
1343,P026,K,Potassium,4.7,mmol/L,2026-07-24 18:28:43.176193+00
1344,P026,CK,Creatine kinase,65,U/L,2026-07-24 23:46:01.105077+00
1345,P026,LACTATE,Lactate,1.7,mmol/L,2026-07-25 06:03:52.212745+00
1346,P026,EGFR,eGFR (CKD-EPI 2021),13,mL/min/1.73m2,2026-07-25 12:00:37.056183+00
1347,P026,CREAT,Creatinine,6.75,mg/dL,2026-07-25 12:00:37.056183+00
1348,P001,EGFR,eGFR (CKD-EPI 2021),7,mL/min/1.73m2,2026-07-08 23:03:11.663948+00
1349,P001,CREAT,Creatinine,12.79,mg/dL,2026-07-08 23:03:11.663948+00
1350,P001,EGFR,eGFR (CKD-EPI 2021),6,mL/min/1.73m2,2026-07-12 01:45:15.572956+00
1351,P001,CREAT,Creatinine,12.12,mg/dL,2026-07-12 01:45:15.572956+00
1352,P001,EGFR,eGFR (CKD-EPI 2021),8,mL/min/1.73m2,2026-07-14 23:12:36.354144+00
1353,P001,CREAT,Creatinine,11.34,mg/dL,2026-07-14 23:12:36.354144+00
1354,P001,EGFR,eGFR (CKD-EPI 2021),7,mL/min/1.73m2,2026-07-22 21:49:38.028796+00
1355,P001,CREAT,Creatinine,12.8,mg/dL,2026-07-22 21:49:38.028796+00
1356,P001,WBC,White blood cell count,8.4,10^9/L,2026-07-23 05:32:28.748343+00
1357,P001,CRP,C-reactive protein,250,mg/L,2026-07-23 05:32:28.748343+00
1358,P001,WBC,White blood cell count,10.1,10^9/L,2026-07-25 03:34:03.83446+00
1359,P001,CRP,C-reactive protein,218,mg/L,2026-07-25 03:34:03.83446+00
1360,P001,K,Potassium,5,mmol/L,2026-07-26 02:28:47.161168+00
1361,P001,HGB,Hemoglobin,8.8,g/dL,2026-07-26 03:51:09.776885+00
1362,P001,LACTATE,Lactate,1.4,mmol/L,2026-07-26 16:03:37.665338+00
1363,P001,CK,Creatine kinase,113,U/L,2026-07-26 16:58:24.931416+00
1364,P001,EGFR,eGFR (CKD-EPI 2021),6,mL/min/1.73m2,2026-07-27 02:53:48.545675+00
1365,P001,CREAT,Creatinine,10.8,mg/dL,2026-07-27 02:53:48.545675+00
1366,P004,EGFR,eGFR (CKD-EPI 2021),26,mL/min/1.73m2,2026-07-14 23:09:42.865911+00
1367,P004,CREAT,Creatinine,3.43,mg/dL,2026-07-14 23:09:42.865911+00
1368,P004,EGFR,eGFR (CKD-EPI 2021),25,mL/min/1.73m2,2026-07-16 22:19:29.977465+00
1369,P004,CREAT,Creatinine,3.61,mg/dL,2026-07-16 22:19:29.977465+00
1370,P004,EGFR,eGFR (CKD-EPI 2021),25,mL/min/1.73m2,2026-07-21 18:01:10.354314+00
1371,P004,CREAT,Creatinine,3.77,mg/dL,2026-07-21 18:01:10.354314+00
1372,P004,EGFR,eGFR (CKD-EPI 2021),24,mL/min/1.73m2,2026-07-26 17:10:54.15808+00
1373,P004,CREAT,Creatinine,3.9,mg/dL,2026-07-26 17:10:54.15808+00
1374,P004,EGFR,eGFR (CKD-EPI 2021),27,mL/min/1.73m2,2026-07-27 18:28:42.725719+00
1375,P004,CREAT,Creatinine,3.26,mg/dL,2026-07-27 18:28:42.725719+00
1376,P004,WBC,White blood cell count,13.7,10^9/L,2026-07-29 22:47:20.433759+00
1377,P004,CRP,C-reactive protein,174,mg/L,2026-07-29 22:47:20.433759+00
1378,P004,K,Potassium,4.1,mmol/L,2026-07-30 22:58:05.144331+00
1379,P004,HGB,Hemoglobin,10,g/dL,2026-07-30 23:32:46.950872+00
1380,P004,WBC,White blood cell count,8.8,10^9/L,2026-07-30 23:46:17.259466+00
1381,P004,CRP,C-reactive protein,213,mg/L,2026-07-30 23:46:17.259466+00
1382,P004,LACTATE,Lactate,0.9,mmol/L,2026-07-31 06:52:29.781414+00
1383,P004,EGFR,eGFR (CKD-EPI 2021),24,mL/min/1.73m2,2026-07-31 20:15:14.298491+00
1384,P004,CREAT,Creatinine,3.45,mg/dL,2026-07-31 20:15:14.298491+00
1385,P044,EGFR,eGFR (CKD-EPI 2021),35,mL/min/1.73m2,2026-07-15 03:32:07.413384+00
1386,P044,CREAT,Creatinine,2.5,mg/dL,2026-07-15 03:32:07.413384+00
1387,P044,EGFR,eGFR (CKD-EPI 2021),35,mL/min/1.73m2,2026-07-20 09:01:38.610267+00
1388,P044,CREAT,Creatinine,2.65,mg/dL,2026-07-20 09:01:38.610267+00
1389,P044,EGFR,eGFR (CKD-EPI 2021),37,mL/min/1.73m2,2026-07-21 04:12:05.079213+00
1390,P044,CREAT,Creatinine,2.36,mg/dL,2026-07-21 04:12:05.079213+00
1391,P044,EGFR,eGFR (CKD-EPI 2021),35,mL/min/1.73m2,2026-07-27 05:44:23.363242+00
1392,P044,CREAT,Creatinine,2.64,mg/dL,2026-07-27 05:44:23.363242+00
1393,P044,EGFR,eGFR (CKD-EPI 2021),37,mL/min/1.73m2,2026-07-30 04:45:38.651346+00
1394,P044,CREAT,Creatinine,2.32,mg/dL,2026-07-30 04:45:38.651346+00
1395,P044,WBC,White blood cell count,10.4,10^9/L,2026-07-30 10:23:37.402476+00
1396,P044,CRP,C-reactive protein,173,mg/L,2026-07-30 10:23:37.402476+00
1397,P044,K,Potassium,4.8,mmol/L,2026-08-02 04:04:24.412118+00
1398,P044,WBC,White blood cell count,14,10^9/L,2026-08-02 07:51:33.122643+00
1399,P044,CRP,C-reactive protein,166,mg/L,2026-08-02 07:51:33.122643+00
1400,P044,HGB,Hemoglobin,8.5,g/dL,2026-08-02 08:27:31.629927+00
1401,P044,CK,Creatine kinase,109,U/L,2026-08-03 04:38:34.045718+00
1402,P044,EGFR,eGFR (CKD-EPI 2021),36,mL/min/1.73m2,2026-08-03 05:36:50.712671+00
1403,P044,CREAT,Creatinine,2.38,mg/dL,2026-08-03 05:36:50.712671+00
1404,P044,LACTATE,Lactate,1.1,mmol/L,2026-08-03 06:31:19.275916+00
1405,P039,EGFR,eGFR (CKD-EPI 2021),10,mL/min/1.73m2,2026-07-21 18:39:02.045423+00
1406,P039,CREAT,Creatinine,9.36,mg/dL,2026-07-21 18:39:02.045423+00
1407,P039,EGFR,eGFR (CKD-EPI 2021),10,mL/min/1.73m2,2026-08-01 22:57:17.810558+00
1408,P039,CREAT,Creatinine,9.11,mg/dL,2026-08-01 22:57:17.810558+00
1409,P039,WBC,White blood cell count,9.2,10^9/L,2026-08-03 23:55:46.100048+00
1410,P039,CRP,C-reactive protein,58,mg/L,2026-08-03 23:55:46.100048+00
1411,P039,EGFR,eGFR (CKD-EPI 2021),10,mL/min/1.73m2,2026-08-05 18:26:07.837618+00
1412,P039,CREAT,Creatinine,8.91,mg/dL,2026-08-05 18:26:07.837618+00
1413,P039,WBC,White blood cell count,7.1,10^9/L,2026-08-06 01:05:52.76785+00
1414,P039,CRP,C-reactive protein,166,mg/L,2026-08-06 01:05:52.76785+00
1415,P039,EGFR,eGFR (CKD-EPI 2021),11,mL/min/1.73m2,2026-08-07 00:03:36.628183+00
1416,P039,CREAT,Creatinine,7.81,mg/dL,2026-08-07 00:03:36.628183+00
1417,P039,K,Potassium,4.1,mmol/L,2026-08-07 00:29:05.673412+00
1418,P039,HGB,Hemoglobin,11.6,g/dL,2026-08-07 02:46:33.713517+00
1419,P039,LACTATE,Lactate,1.1,mmol/L,2026-08-07 13:48:27.549584+00
1420,P039,EGFR,eGFR (CKD-EPI 2021),10,mL/min/1.73m2,2026-08-07 18:47:44.322713+00
1421,P039,CREAT,Creatinine,10.76,mg/dL,2026-08-07 18:47:44.322713+00
